2026-01-04 17:18:08.663 [localhost-startStop-1] INFO  o.s.web.context.ContextLoader - Root WebApplicationContext: initialization started
2026-01-04 17:18:09.011 [localhost-startStop-1] DEBUG o.m.s.mapper.ClassPathMapperScanner - Identified candidate component class: file [D:\debug\Javaee_ssm\target\classes\com\enterprise\document\mapper\BorrowingRecordMapper.class]
2026-01-04 17:18:09.012 [localhost-startStop-1] DEBUG o.m.s.mapper.ClassPathMapperScanner - Identified candidate component class: file [D:\debug\Javaee_ssm\target\classes\com\enterprise\document\mapper\DocumentMapper.class]
2026-01-04 17:18:09.013 [localhost-startStop-1] DEBUG o.m.s.mapper.ClassPathMapperScanner - Creating MapperFactoryBean with name 'borrowingRecordMapper' and 'com.enterprise.document.mapper.BorrowingRecordMapper' mapperInterface
2026-01-04 17:18:09.015 [localhost-startStop-1] DEBUG o.m.s.mapper.ClassPathMapperScanner - Creating MapperFactoryBean with name 'documentMapper' and 'com.enterprise.document.mapper.DocumentMapper' mapperInterface
2026-01-04 17:18:09.202 [localhost-startStop-1] INFO  c.e.d.config.DatabaseAutoInitializer - 开始数据库自动初始化...
2026-01-04 17:18:09.203 [localhost-startStop-1] INFO  c.e.d.config.DatabaseAutoInitializer - 执行数据库表结构创建脚本: classpath:sql/schema.sql
2026-01-04 17:18:09.205 [localhost-startStop-1] INFO  com.zaxxer.hikari.HikariDataSource - HikariPool-1 - Starting...
2026-01-04 17:18:09.345 [localhost-startStop-1] INFO  com.zaxxer.hikari.HikariDataSource - HikariPool-1 - Start completed.
2026-01-04 17:18:09.385 [localhost-startStop-1] WARN  c.e.d.config.DatabaseAutoInitializer - 索引或约束已存在，继续执行: Failed to execute SQL script statement #2 of class path resource [sql/schema.sql]: CREATE INDEX idx_doc_code ON documents(document_code); nested exception is java.sql.SQLSyntaxErrorException: Duplicate key name 'idx_doc_code'
2026-01-04 17:18:09.388 [localhost-startStop-1] DEBUG c.e.d.config.DatabaseAutoInitializer - 执行成功: CREATE TABLE IF NOT EXISTS documents (id BIGINT PR...
2026-01-04 17:18:09.392 [localhost-startStop-1] DEBUG c.e.d.config.DatabaseAutoInitializer - 执行成功: CREATE TABLE IF NOT EXISTS borrowing_records (id B...
2026-01-04 17:18:09.393 [localhost-startStop-1] DEBUG c.e.d.config.DatabaseAutoInitializer - 索引已存在或创建失败: CREATE INDEX idx_doc_code ON documents(document_code) - Duplicate key name 'idx_doc_code'
2026-01-04 17:18:09.393 [localhost-startStop-1] DEBUG c.e.d.config.DatabaseAutoInitializer - 索引已存在或创建失败: CREATE INDEX idx_doc_status ON documents(status) - Duplicate key name 'idx_doc_status'
2026-01-04 17:18:09.395 [localhost-startStop-1] DEBUG c.e.d.config.DatabaseAutoInitializer - 索引已存在或创建失败: CREATE INDEX idx_doc_created_time ON documents(created_time) - Duplicate key name 'idx_doc_created_time'
2026-01-04 17:18:09.396 [localhost-startStop-1] DEBUG c.e.d.config.DatabaseAutoInitializer - 索引已存在或创建失败: CREATE INDEX idx_br_document_code ON borrowing_records(document_code) - Duplicate key name 'idx_br_document_code'
2026-01-04 17:18:09.396 [localhost-startStop-1] DEBUG c.e.d.config.DatabaseAutoInitializer - 索引已存在或创建失败: CREATE INDEX idx_br_user_id ON borrowing_records(user_id) - Duplicate key name 'idx_br_user_id'
2026-01-04 17:18:09.398 [localhost-startStop-1] DEBUG c.e.d.config.DatabaseAutoInitializer - 索引已存在或创建失败: CREATE INDEX idx_br_borrow_time ON borrowing_records(borrow_time) - Duplicate key name 'idx_br_borrow_time'
2026-01-04 17:18:09.399 [localhost-startStop-1] DEBUG c.e.d.config.DatabaseAutoInitializer - 索引已存在或创建失败: CREATE INDEX idx_br_status ON borrowing_records(status) - Duplicate key name 'idx_br_status'
2026-01-04 17:18:09.399 [localhost-startStop-1] DEBUG c.e.d.config.DatabaseAutoInitializer - 约束已存在或创建失败: ALTER TABLE borrowing_records ADD CONSTRAINT fk_borrowing_document FOREIGN KEY (document_code) REFERENCES documents(document_code) ON DELETE RESTRICT ON UPDATE CASCADE - Duplicate foreign key constraint name 'fk_borrowing_document'
2026-01-04 17:18:09.401 [localhost-startStop-1] INFO  c.e.d.config.DatabaseAutoInitializer - 数据库表结构创建完成（部分索引可能已存在）
2026-01-04 17:18:09.434 [localhost-startStop-1] INFO  c.e.d.config.DatabaseAutoInitializer - 检测到已有文档数据 (8 条)，跳过示例数据插入
2026-01-04 17:18:09.434 [localhost-startStop-1] INFO  c.e.d.config.DatabaseAutoInitializer - 数据库自动初始化完成
2026-01-04 17:18:09.437 [localhost-startStop-1] INFO  c.e.d.c.PerformanceMonitoringConfig - Performance monitoring initialized
2026-01-04 17:18:09.535 [localhost-startStop-1] DEBUG o.m.spring.SqlSessionFactoryBean - Parsed configuration file: 'class path resource [mybatis/mybatis-config.xml]'
2026-01-04 17:18:09.573 [localhost-startStop-1] DEBUG o.m.spring.SqlSessionFactoryBean - Parsed mapper file: 'file [D:\debug\Javaee_ssm\target\classes\mybatis\mapper\BorrowingRecordMapper.xml]'
2026-01-04 17:18:09.582 [localhost-startStop-1] DEBUG o.m.spring.SqlSessionFactoryBean - Parsed mapper file: 'file [D:\debug\Javaee_ssm\target\classes\mybatis\mapper\DocumentMapper.xml]'
2026-01-04 17:18:09.618 [localhost-startStop-1] INFO  c.e.d.s.DatabaseInitializationService - 开始数据库初始化检测...
2026-01-04 17:18:09.737 [localhost-startStop-1] INFO  c.e.d.s.DatabaseInitializationService - 检测到历史数据，正在加载...
2026-01-04 17:18:09.738 [localhost-startStop-1] INFO  c.e.d.s.DatabaseInitializationService - 当前数据统计 - 文档数量: 8, 借阅记录数量: 3
2026-01-04 17:18:09.740 [localhost-startStop-1] INFO  c.e.d.s.DatabaseInitializationService - 数据库初始化检测完成
2026-01-04 17:18:09.811 [localhost-startStop-1] INFO  o.s.web.context.ContextLoader - Root WebApplicationContext initialized in 1143 ms
2026-01-04 17:18:09.827 [localhost-startStop-1] INFO  o.s.web.servlet.DispatcherServlet - Initializing Servlet 'dispatcher'
2026-01-04 17:18:10.256 [localhost-startStop-1] INFO  o.s.web.servlet.DispatcherServlet - Completed initialization in 429 ms
2026-01-04 17:34:05.829 [localhost-startStop-1] INFO  o.s.web.context.ContextLoader - Root WebApplicationContext: initialization started
2026-01-04 17:34:06.159 [localhost-startStop-1] DEBUG o.m.s.mapper.ClassPathMapperScanner - Identified candidate component class: file [D:\debug\Javaee_ssm\target\classes\com\enterprise\document\mapper\BorrowingRecordMapper.class]
2026-01-04 17:34:06.161 [localhost-startStop-1] DEBUG o.m.s.mapper.ClassPathMapperScanner - Identified candidate component class: file [D:\debug\Javaee_ssm\target\classes\com\enterprise\document\mapper\DocumentMapper.class]
2026-01-04 17:34:06.161 [localhost-startStop-1] DEBUG o.m.s.mapper.ClassPathMapperScanner - Creating MapperFactoryBean with name 'borrowingRecordMapper' and 'com.enterprise.document.mapper.BorrowingRecordMapper' mapperInterface
2026-01-04 17:34:06.164 [localhost-startStop-1] DEBUG o.m.s.mapper.ClassPathMapperScanner - Creating MapperFactoryBean with name 'documentMapper' and 'com.enterprise.document.mapper.DocumentMapper' mapperInterface
2026-01-04 17:34:06.346 [localhost-startStop-1] INFO  c.e.d.config.DatabaseAutoInitializer - 开始数据库自动初始化...
2026-01-04 17:34:06.346 [localhost-startStop-1] INFO  c.e.d.config.DatabaseAutoInitializer - 执行数据库表结构创建脚本: classpath:sql/schema.sql
2026-01-04 17:34:06.349 [localhost-startStop-1] INFO  com.zaxxer.hikari.HikariDataSource - HikariPool-1 - Starting...
2026-01-04 17:34:06.482 [localhost-startStop-1] INFO  com.zaxxer.hikari.HikariDataSource - HikariPool-1 - Start completed.
2026-01-04 17:34:06.520 [localhost-startStop-1] WARN  c.e.d.config.DatabaseAutoInitializer - 索引或约束已存在，继续执行: Failed to execute SQL script statement #2 of class path resource [sql/schema.sql]: CREATE INDEX idx_doc_code ON documents(document_code); nested exception is java.sql.SQLSyntaxErrorException: Duplicate key name 'idx_doc_code'
2026-01-04 17:34:06.525 [localhost-startStop-1] DEBUG c.e.d.config.DatabaseAutoInitializer - 执行成功: CREATE TABLE IF NOT EXISTS documents (id BIGINT PR...
2026-01-04 17:34:06.528 [localhost-startStop-1] DEBUG c.e.d.config.DatabaseAutoInitializer - 执行成功: CREATE TABLE IF NOT EXISTS borrowing_records (id B...
2026-01-04 17:34:06.530 [localhost-startStop-1] DEBUG c.e.d.config.DatabaseAutoInitializer - 索引已存在或创建失败: CREATE INDEX idx_doc_code ON documents(document_code) - Duplicate key name 'idx_doc_code'
2026-01-04 17:34:06.531 [localhost-startStop-1] DEBUG c.e.d.config.DatabaseAutoInitializer - 索引已存在或创建失败: CREATE INDEX idx_doc_status ON documents(status) - Duplicate key name 'idx_doc_status'
2026-01-04 17:34:06.534 [localhost-startStop-1] DEBUG c.e.d.config.DatabaseAutoInitializer - 索引已存在或创建失败: CREATE INDEX idx_doc_created_time ON documents(created_time) - Duplicate key name 'idx_doc_created_time'
2026-01-04 17:34:06.534 [localhost-startStop-1] DEBUG c.e.d.config.DatabaseAutoInitializer - 索引已存在或创建失败: CREATE INDEX idx_br_document_code ON borrowing_records(document_code) - Duplicate key name 'idx_br_document_code'
2026-01-04 17:34:06.536 [localhost-startStop-1] DEBUG c.e.d.config.DatabaseAutoInitializer - 索引已存在或创建失败: CREATE INDEX idx_br_user_id ON borrowing_records(user_id) - Duplicate key name 'idx_br_user_id'
2026-01-04 17:34:06.537 [localhost-startStop-1] DEBUG c.e.d.config.DatabaseAutoInitializer - 索引已存在或创建失败: CREATE INDEX idx_br_borrow_time ON borrowing_records(borrow_time) - Duplicate key name 'idx_br_borrow_time'
2026-01-04 17:34:06.539 [localhost-startStop-1] DEBUG c.e.d.config.DatabaseAutoInitializer - 索引已存在或创建失败: CREATE INDEX idx_br_status ON borrowing_records(status) - Duplicate key name 'idx_br_status'
2026-01-04 17:34:06.540 [localhost-startStop-1] DEBUG c.e.d.config.DatabaseAutoInitializer - 约束已存在或创建失败: ALTER TABLE borrowing_records ADD CONSTRAINT fk_borrowing_document FOREIGN KEY (document_code) REFERENCES documents(document_code) ON DELETE RESTRICT ON UPDATE CASCADE - Duplicate foreign key constraint name 'fk_borrowing_document'
2026-01-04 17:34:06.540 [localhost-startStop-1] INFO  c.e.d.config.DatabaseAutoInitializer - 数据库表结构创建完成（部分索引可能已存在）
2026-01-04 17:34:06.564 [localhost-startStop-1] INFO  c.e.d.config.DatabaseAutoInitializer - 检测到已有文档数据 (8 条)，跳过示例数据插入
2026-01-04 17:34:06.565 [localhost-startStop-1] INFO  c.e.d.config.DatabaseAutoInitializer - 数据库自动初始化完成
2026-01-04 17:34:06.568 [localhost-startStop-1] INFO  c.e.d.c.PerformanceMonitoringConfig - Performance monitoring initialized
2026-01-04 17:34:06.668 [localhost-startStop-1] DEBUG o.m.spring.SqlSessionFactoryBean - Parsed configuration file: 'class path resource [mybatis/mybatis-config.xml]'
2026-01-04 17:34:06.712 [localhost-startStop-1] DEBUG o.m.spring.SqlSessionFactoryBean - Parsed mapper file: 'file [D:\debug\Javaee_ssm\target\classes\mybatis\mapper\BorrowingRecordMapper.xml]'
2026-01-04 17:34:06.719 [localhost-startStop-1] DEBUG o.m.spring.SqlSessionFactoryBean - Parsed mapper file: 'file [D:\debug\Javaee_ssm\target\classes\mybatis\mapper\DocumentMapper.xml]'
2026-01-04 17:34:06.752 [localhost-startStop-1] INFO  c.e.d.s.DatabaseInitializationService - 开始数据库初始化检测...
2026-01-04 17:34:06.866 [localhost-startStop-1] INFO  c.e.d.s.DatabaseInitializationService - 检测到历史数据，正在加载...
2026-01-04 17:34:06.868 [localhost-startStop-1] INFO  c.e.d.s.DatabaseInitializationService - 当前数据统计 - 文档数量: 8, 借阅记录数量: 3
2026-01-04 17:34:06.868 [localhost-startStop-1] INFO  c.e.d.s.DatabaseInitializationService - 数据库初始化检测完成
2026-01-04 17:34:06.934 [localhost-startStop-1] INFO  o.s.web.context.ContextLoader - Root WebApplicationContext initialized in 1103 ms
2026-01-04 17:34:06.953 [localhost-startStop-1] INFO  o.s.web.servlet.DispatcherServlet - Initializing Servlet 'dispatcher'
2026-01-04 17:34:07.362 [localhost-startStop-1] INFO  o.s.web.servlet.DispatcherServlet - Completed initialization in 408 ms
2026-01-04 17:36:23.324 [localhost-startStop-1] INFO  o.s.web.context.ContextLoader - Root WebApplicationContext: initialization started
2026-01-04 17:36:23.741 [localhost-startStop-1] DEBUG o.m.s.mapper.ClassPathMapperScanner - Identified candidate component class: file [D:\debug\Javaee_ssm\target\classes\com\enterprise\document\mapper\BorrowingRecordMapper.class]
2026-01-04 17:36:23.741 [localhost-startStop-1] DEBUG o.m.s.mapper.ClassPathMapperScanner - Identified candidate component class: file [D:\debug\Javaee_ssm\target\classes\com\enterprise\document\mapper\DocumentMapper.class]
2026-01-04 17:36:23.743 [localhost-startStop-1] DEBUG o.m.s.mapper.ClassPathMapperScanner - Creating MapperFactoryBean with name 'borrowingRecordMapper' and 'com.enterprise.document.mapper.BorrowingRecordMapper' mapperInterface
2026-01-04 17:36:23.746 [localhost-startStop-1] DEBUG o.m.s.mapper.ClassPathMapperScanner - Creating MapperFactoryBean with name 'documentMapper' and 'com.enterprise.document.mapper.DocumentMapper' mapperInterface
2026-01-04 17:36:23.956 [localhost-startStop-1] INFO  c.e.d.config.DatabaseAutoInitializer - 开始数据库自动初始化...
2026-01-04 17:36:23.956 [localhost-startStop-1] INFO  c.e.d.config.DatabaseAutoInitializer - 执行数据库表结构创建脚本: classpath:sql/schema.sql
2026-01-04 17:36:23.959 [localhost-startStop-1] INFO  com.zaxxer.hikari.HikariDataSource - HikariPool-1 - Starting...
2026-01-04 17:36:24.125 [localhost-startStop-1] INFO  com.zaxxer.hikari.HikariDataSource - HikariPool-1 - Start completed.
2026-01-04 17:36:24.167 [localhost-startStop-1] WARN  c.e.d.config.DatabaseAutoInitializer - 索引或约束已存在，继续执行: Failed to execute SQL script statement #2 of class path resource [sql/schema.sql]: CREATE INDEX idx_doc_code ON documents(document_code); nested exception is java.sql.SQLSyntaxErrorException: Duplicate key name 'idx_doc_code'
2026-01-04 17:36:24.171 [localhost-startStop-1] DEBUG c.e.d.config.DatabaseAutoInitializer - 执行成功: CREATE TABLE IF NOT EXISTS documents (id BIGINT PR...
2026-01-04 17:36:24.174 [localhost-startStop-1] DEBUG c.e.d.config.DatabaseAutoInitializer - 执行成功: CREATE TABLE IF NOT EXISTS borrowing_records (id B...
2026-01-04 17:36:24.177 [localhost-startStop-1] DEBUG c.e.d.config.DatabaseAutoInitializer - 索引已存在或创建失败: CREATE INDEX idx_doc_code ON documents(document_code) - Duplicate key name 'idx_doc_code'
2026-01-04 17:36:24.179 [localhost-startStop-1] DEBUG c.e.d.config.DatabaseAutoInitializer - 索引已存在或创建失败: CREATE INDEX idx_doc_status ON documents(status) - Duplicate key name 'idx_doc_status'
2026-01-04 17:36:24.180 [localhost-startStop-1] DEBUG c.e.d.config.DatabaseAutoInitializer - 索引已存在或创建失败: CREATE INDEX idx_doc_created_time ON documents(created_time) - Duplicate key name 'idx_doc_created_time'
2026-01-04 17:36:24.182 [localhost-startStop-1] DEBUG c.e.d.config.DatabaseAutoInitializer - 索引已存在或创建失败: CREATE INDEX idx_br_document_code ON borrowing_records(document_code) - Duplicate key name 'idx_br_document_code'
2026-01-04 17:36:24.183 [localhost-startStop-1] DEBUG c.e.d.config.DatabaseAutoInitializer - 索引已存在或创建失败: CREATE INDEX idx_br_user_id ON borrowing_records(user_id) - Duplicate key name 'idx_br_user_id'
2026-01-04 17:36:24.185 [localhost-startStop-1] DEBUG c.e.d.config.DatabaseAutoInitializer - 索引已存在或创建失败: CREATE INDEX idx_br_borrow_time ON borrowing_records(borrow_time) - Duplicate key name 'idx_br_borrow_time'
2026-01-04 17:36:24.187 [localhost-startStop-1] DEBUG c.e.d.config.DatabaseAutoInitializer - 索引已存在或创建失败: CREATE INDEX idx_br_status ON borrowing_records(status) - Duplicate key name 'idx_br_status'
2026-01-04 17:36:24.188 [localhost-startStop-1] DEBUG c.e.d.config.DatabaseAutoInitializer - 约束已存在或创建失败: ALTER TABLE borrowing_records ADD CONSTRAINT fk_borrowing_document FOREIGN KEY (document_code) REFERENCES documents(document_code) ON DELETE RESTRICT ON UPDATE CASCADE - Duplicate foreign key constraint name 'fk_borrowing_document'
2026-01-04 17:36:24.188 [localhost-startStop-1] INFO  c.e.d.config.DatabaseAutoInitializer - 数据库表结构创建完成（部分索引可能已存在）
2026-01-04 17:36:24.219 [localhost-startStop-1] INFO  c.e.d.config.DatabaseAutoInitializer - 检测到已有文档数据 (8 条)，跳过示例数据插入
2026-01-04 17:36:24.219 [localhost-startStop-1] INFO  c.e.d.config.DatabaseAutoInitializer - 数据库自动初始化完成
2026-01-04 17:36:24.223 [localhost-startStop-1] INFO  c.e.d.c.PerformanceMonitoringConfig - Performance monitoring initialized
2026-01-04 17:36:24.364 [localhost-startStop-1] DEBUG o.m.spring.SqlSessionFactoryBean - Parsed configuration file: 'class path resource [mybatis/mybatis-config.xml]'
2026-01-04 17:36:24.414 [localhost-startStop-1] DEBUG o.m.spring.SqlSessionFactoryBean - Parsed mapper file: 'file [D:\debug\Javaee_ssm\target\classes\mybatis\mapper\BorrowingRecordMapper.xml]'
2026-01-04 17:36:24.421 [localhost-startStop-1] DEBUG o.m.spring.SqlSessionFactoryBean - Parsed mapper file: 'file [D:\debug\Javaee_ssm\target\classes\mybatis\mapper\DocumentMapper.xml]'
2026-01-04 17:36:24.458 [localhost-startStop-1] INFO  c.e.d.s.DatabaseInitializationService - 开始数据库初始化检测...
2026-01-04 17:36:24.573 [localhost-startStop-1] INFO  c.e.d.s.DatabaseInitializationService - 检测到历史数据，正在加载...
2026-01-04 17:36:24.574 [localhost-startStop-1] INFO  c.e.d.s.DatabaseInitializationService - 当前数据统计 - 文档数量: 8, 借阅记录数量: 3
2026-01-04 17:36:24.574 [localhost-startStop-1] INFO  c.e.d.s.DatabaseInitializationService - 数据库初始化检测完成
2026-01-04 17:36:24.673 [localhost-startStop-1] INFO  o.s.web.context.ContextLoader - Root WebApplicationContext initialized in 1347 ms
2026-01-04 17:36:24.696 [localhost-startStop-1] INFO  o.s.web.servlet.DispatcherServlet - Initializing Servlet 'dispatcher'
2026-01-04 17:36:25.242 [localhost-startStop-1] INFO  o.s.web.servlet.DispatcherServlet - Completed initialization in 546 ms
2026-01-04 17:38:45.498 [localhost-startStop-1] INFO  o.s.web.context.ContextLoader - Root WebApplicationContext: initialization started
2026-01-04 17:38:45.816 [localhost-startStop-1] DEBUG o.m.s.mapper.ClassPathMapperScanner - Identified candidate component class: file [D:\debug\Javaee_ssm\target\classes\com\enterprise\document\mapper\BorrowingRecordMapper.class]
2026-01-04 17:38:45.816 [localhost-startStop-1] DEBUG o.m.s.mapper.ClassPathMapperScanner - Identified candidate component class: file [D:\debug\Javaee_ssm\target\classes\com\enterprise\document\mapper\DocumentMapper.class]
2026-01-04 17:38:45.817 [localhost-startStop-1] DEBUG o.m.s.mapper.ClassPathMapperScanner - Creating MapperFactoryBean with name 'borrowingRecordMapper' and 'com.enterprise.document.mapper.BorrowingRecordMapper' mapperInterface
2026-01-04 17:38:45.819 [localhost-startStop-1] DEBUG o.m.s.mapper.ClassPathMapperScanner - Creating MapperFactoryBean with name 'documentMapper' and 'com.enterprise.document.mapper.DocumentMapper' mapperInterface
2026-01-04 17:38:45.997 [localhost-startStop-1] INFO  c.e.d.config.DatabaseAutoInitializer - 开始数据库自动初始化...
2026-01-04 17:38:45.997 [localhost-startStop-1] INFO  c.e.d.config.DatabaseAutoInitializer - 执行数据库表结构创建脚本: classpath:sql/schema.sql
2026-01-04 17:38:46.001 [localhost-startStop-1] INFO  com.zaxxer.hikari.HikariDataSource - HikariPool-1 - Starting...
2026-01-04 17:38:46.127 [localhost-startStop-1] INFO  com.zaxxer.hikari.HikariDataSource - HikariPool-1 - Start completed.
2026-01-04 17:38:46.157 [localhost-startStop-1] WARN  c.e.d.config.DatabaseAutoInitializer - 索引或约束已存在，继续执行: Failed to execute SQL script statement #2 of class path resource [sql/schema.sql]: CREATE INDEX idx_doc_code ON documents(document_code); nested exception is java.sql.SQLSyntaxErrorException: Duplicate key name 'idx_doc_code'
2026-01-04 17:38:46.161 [localhost-startStop-1] DEBUG c.e.d.config.DatabaseAutoInitializer - 执行成功: CREATE TABLE IF NOT EXISTS documents (id BIGINT PR...
2026-01-04 17:38:46.163 [localhost-startStop-1] DEBUG c.e.d.config.DatabaseAutoInitializer - 执行成功: CREATE TABLE IF NOT EXISTS borrowing_records (id B...
2026-01-04 17:38:46.164 [localhost-startStop-1] DEBUG c.e.d.config.DatabaseAutoInitializer - 索引已存在或创建失败: CREATE INDEX idx_doc_code ON documents(document_code) - Duplicate key name 'idx_doc_code'
2026-01-04 17:38:46.166 [localhost-startStop-1] DEBUG c.e.d.config.DatabaseAutoInitializer - 索引已存在或创建失败: CREATE INDEX idx_doc_status ON documents(status) - Duplicate key name 'idx_doc_status'
2026-01-04 17:38:46.166 [localhost-startStop-1] DEBUG c.e.d.config.DatabaseAutoInitializer - 索引已存在或创建失败: CREATE INDEX idx_doc_created_time ON documents(created_time) - Duplicate key name 'idx_doc_created_time'
2026-01-04 17:38:46.168 [localhost-startStop-1] DEBUG c.e.d.config.DatabaseAutoInitializer - 索引已存在或创建失败: CREATE INDEX idx_br_document_code ON borrowing_records(document_code) - Duplicate key name 'idx_br_document_code'
2026-01-04 17:38:46.168 [localhost-startStop-1] DEBUG c.e.d.config.DatabaseAutoInitializer - 索引已存在或创建失败: CREATE INDEX idx_br_user_id ON borrowing_records(user_id) - Duplicate key name 'idx_br_user_id'
2026-01-04 17:38:46.169 [localhost-startStop-1] DEBUG c.e.d.config.DatabaseAutoInitializer - 索引已存在或创建失败: CREATE INDEX idx_br_borrow_time ON borrowing_records(borrow_time) - Duplicate key name 'idx_br_borrow_time'
2026-01-04 17:38:46.169 [localhost-startStop-1] DEBUG c.e.d.config.DatabaseAutoInitializer - 索引已存在或创建失败: CREATE INDEX idx_br_status ON borrowing_records(status) - Duplicate key name 'idx_br_status'
2026-01-04 17:38:46.171 [localhost-startStop-1] DEBUG c.e.d.config.DatabaseAutoInitializer - 约束已存在或创建失败: ALTER TABLE borrowing_records ADD CONSTRAINT fk_borrowing_document FOREIGN KEY (document_code) REFERENCES documents(document_code) ON DELETE RESTRICT ON UPDATE CASCADE - Duplicate foreign key constraint name 'fk_borrowing_document'
2026-01-04 17:38:46.171 [localhost-startStop-1] INFO  c.e.d.config.DatabaseAutoInitializer - 数据库表结构创建完成（部分索引可能已存在）
2026-01-04 17:38:46.196 [localhost-startStop-1] INFO  c.e.d.config.DatabaseAutoInitializer - 检测到已有文档数据 (8 条)，跳过示例数据插入
2026-01-04 17:38:46.196 [localhost-startStop-1] INFO  c.e.d.config.DatabaseAutoInitializer - 数据库自动初始化完成
2026-01-04 17:38:46.199 [localhost-startStop-1] INFO  c.e.d.c.PerformanceMonitoringConfig - Performance monitoring initialized
2026-01-04 17:38:46.288 [localhost-startStop-1] DEBUG o.m.spring.SqlSessionFactoryBean - Parsed configuration file: 'class path resource [mybatis/mybatis-config.xml]'
2026-01-04 17:38:46.330 [localhost-startStop-1] DEBUG o.m.spring.SqlSessionFactoryBean - Parsed mapper file: 'file [D:\debug\Javaee_ssm\target\classes\mybatis\mapper\BorrowingRecordMapper.xml]'
2026-01-04 17:38:46.338 [localhost-startStop-1] DEBUG o.m.spring.SqlSessionFactoryBean - Parsed mapper file: 'file [D:\debug\Javaee_ssm\target\classes\mybatis\mapper\DocumentMapper.xml]'
2026-01-04 17:38:46.381 [localhost-startStop-1] INFO  c.e.d.s.DatabaseInitializationService - 开始数据库初始化检测...
2026-01-04 17:38:46.484 [localhost-startStop-1] INFO  c.e.d.s.DatabaseInitializationService - 检测到历史数据，正在加载...
2026-01-04 17:38:46.486 [localhost-startStop-1] INFO  c.e.d.s.DatabaseInitializationService - 当前数据统计 - 文档数量: 8, 借阅记录数量: 3
2026-01-04 17:38:46.486 [localhost-startStop-1] INFO  c.e.d.s.DatabaseInitializationService - 数据库初始化检测完成
2026-01-04 17:38:46.551 [localhost-startStop-1] INFO  o.s.web.context.ContextLoader - Root WebApplicationContext initialized in 1051 ms
2026-01-04 17:38:46.566 [localhost-startStop-1] INFO  o.s.web.servlet.DispatcherServlet - Initializing Servlet 'dispatcher'
2026-01-04 17:38:47.070 [localhost-startStop-1] INFO  o.s.web.servlet.DispatcherServlet - Completed initialization in 504 ms
2026-01-04 17:39:27.707 [localhost-startStop-1] INFO  o.s.web.context.ContextLoader - Root WebApplicationContext: initialization started
2026-01-04 17:39:28.045 [localhost-startStop-1] DEBUG o.m.s.mapper.ClassPathMapperScanner - Identified candidate component class: file [D:\debug\Javaee_ssm\target\classes\com\enterprise\document\mapper\BorrowingRecordMapper.class]
2026-01-04 17:39:28.045 [localhost-startStop-1] DEBUG o.m.s.mapper.ClassPathMapperScanner - Identified candidate component class: file [D:\debug\Javaee_ssm\target\classes\com\enterprise\document\mapper\DocumentMapper.class]
2026-01-04 17:39:28.046 [localhost-startStop-1] DEBUG o.m.s.mapper.ClassPathMapperScanner - Creating MapperFactoryBean with name 'borrowingRecordMapper' and 'com.enterprise.document.mapper.BorrowingRecordMapper' mapperInterface
2026-01-04 17:39:28.049 [localhost-startStop-1] DEBUG o.m.s.mapper.ClassPathMapperScanner - Creating MapperFactoryBean with name 'documentMapper' and 'com.enterprise.document.mapper.DocumentMapper' mapperInterface
2026-01-04 17:39:28.233 [localhost-startStop-1] INFO  c.e.d.config.DatabaseAutoInitializer - 开始数据库自动初始化...
2026-01-04 17:39:28.233 [localhost-startStop-1] INFO  c.e.d.config.DatabaseAutoInitializer - 执行数据库表结构创建脚本: classpath:sql/schema.sql
2026-01-04 17:39:28.237 [localhost-startStop-1] INFO  com.zaxxer.hikari.HikariDataSource - HikariPool-1 - Starting...
2026-01-04 17:39:28.390 [localhost-startStop-1] INFO  com.zaxxer.hikari.HikariDataSource - HikariPool-1 - Start completed.
2026-01-04 17:39:28.424 [localhost-startStop-1] WARN  c.e.d.config.DatabaseAutoInitializer - 索引或约束已存在，继续执行: Failed to execute SQL script statement #2 of class path resource [sql/schema.sql]: CREATE INDEX idx_doc_code ON documents(document_code); nested exception is java.sql.SQLSyntaxErrorException: Duplicate key name 'idx_doc_code'
2026-01-04 17:39:28.427 [localhost-startStop-1] DEBUG c.e.d.config.DatabaseAutoInitializer - 执行成功: CREATE TABLE IF NOT EXISTS documents (id BIGINT PR...
2026-01-04 17:39:28.431 [localhost-startStop-1] DEBUG c.e.d.config.DatabaseAutoInitializer - 执行成功: CREATE TABLE IF NOT EXISTS borrowing_records (id B...
2026-01-04 17:39:28.433 [localhost-startStop-1] DEBUG c.e.d.config.DatabaseAutoInitializer - 索引已存在或创建失败: CREATE INDEX idx_doc_code ON documents(document_code) - Duplicate key name 'idx_doc_code'
2026-01-04 17:39:28.434 [localhost-startStop-1] DEBUG c.e.d.config.DatabaseAutoInitializer - 索引已存在或创建失败: CREATE INDEX idx_doc_status ON documents(status) - Duplicate key name 'idx_doc_status'
2026-01-04 17:39:28.434 [localhost-startStop-1] DEBUG c.e.d.config.DatabaseAutoInitializer - 索引已存在或创建失败: CREATE INDEX idx_doc_created_time ON documents(created_time) - Duplicate key name 'idx_doc_created_time'
2026-01-04 17:39:28.436 [localhost-startStop-1] DEBUG c.e.d.config.DatabaseAutoInitializer - 索引已存在或创建失败: CREATE INDEX idx_br_document_code ON borrowing_records(document_code) - Duplicate key name 'idx_br_document_code'
2026-01-04 17:39:28.437 [localhost-startStop-1] DEBUG c.e.d.config.DatabaseAutoInitializer - 索引已存在或创建失败: CREATE INDEX idx_br_user_id ON borrowing_records(user_id) - Duplicate key name 'idx_br_user_id'
2026-01-04 17:39:28.439 [localhost-startStop-1] DEBUG c.e.d.config.DatabaseAutoInitializer - 索引已存在或创建失败: CREATE INDEX idx_br_borrow_time ON borrowing_records(borrow_time) - Duplicate key name 'idx_br_borrow_time'
2026-01-04 17:39:28.440 [localhost-startStop-1] DEBUG c.e.d.config.DatabaseAutoInitializer - 索引已存在或创建失败: CREATE INDEX idx_br_status ON borrowing_records(status) - Duplicate key name 'idx_br_status'
2026-01-04 17:39:28.442 [localhost-startStop-1] DEBUG c.e.d.config.DatabaseAutoInitializer - 约束已存在或创建失败: ALTER TABLE borrowing_records ADD CONSTRAINT fk_borrowing_document FOREIGN KEY (document_code) REFERENCES documents(document_code) ON DELETE RESTRICT ON UPDATE CASCADE - Duplicate foreign key constraint name 'fk_borrowing_document'
2026-01-04 17:39:28.442 [localhost-startStop-1] INFO  c.e.d.config.DatabaseAutoInitializer - 数据库表结构创建完成（部分索引可能已存在）
2026-01-04 17:39:28.465 [localhost-startStop-1] INFO  c.e.d.config.DatabaseAutoInitializer - 检测到已有文档数据 (8 条)，跳过示例数据插入
2026-01-04 17:39:28.465 [localhost-startStop-1] INFO  c.e.d.config.DatabaseAutoInitializer - 数据库自动初始化完成
2026-01-04 17:39:28.468 [localhost-startStop-1] INFO  c.e.d.c.PerformanceMonitoringConfig - Performance monitoring initialized
2026-01-04 17:39:28.577 [localhost-startStop-1] DEBUG o.m.spring.SqlSessionFactoryBean - Parsed configuration file: 'class path resource [mybatis/mybatis-config.xml]'
2026-01-04 17:39:28.621 [localhost-startStop-1] DEBUG o.m.spring.SqlSessionFactoryBean - Parsed mapper file: 'file [D:\debug\Javaee_ssm\target\classes\mybatis\mapper\BorrowingRecordMapper.xml]'
2026-01-04 17:39:28.629 [localhost-startStop-1] DEBUG o.m.spring.SqlSessionFactoryBean - Parsed mapper file: 'file [D:\debug\Javaee_ssm\target\classes\mybatis\mapper\DocumentMapper.xml]'
2026-01-04 17:39:28.673 [localhost-startStop-1] INFO  c.e.d.s.DatabaseInitializationService - 开始数据库初始化检测...
2026-01-04 17:39:28.775 [localhost-startStop-1] INFO  c.e.d.s.DatabaseInitializationService - 检测到历史数据，正在加载...
2026-01-04 17:39:28.777 [localhost-startStop-1] INFO  c.e.d.s.DatabaseInitializationService - 当前数据统计 - 文档数量: 8, 借阅记录数量: 3
2026-01-04 17:39:28.777 [localhost-startStop-1] INFO  c.e.d.s.DatabaseInitializationService - 数据库初始化检测完成
2026-01-04 17:39:28.858 [localhost-startStop-1] INFO  o.s.web.context.ContextLoader - Root WebApplicationContext initialized in 1150 ms
2026-01-04 17:39:28.878 [localhost-startStop-1] INFO  o.s.web.servlet.DispatcherServlet - Initializing Servlet 'dispatcher'
2026-01-04 17:39:29.334 [localhost-startStop-1] INFO  o.s.web.servlet.DispatcherServlet - Completed initialization in 455 ms
2026-01-04 17:39:53.793 [http-bio-8081-exec-3] ERROR c.e.d.e.GlobalExceptionHandler - 未预期异常: Handler dispatch failed; nested exception is java.lang.NoSuchMethodError: javax.servlet.http.HttpServletResponse.setContentLengthLong(J)V - 请求URL: http://localhost:8081/document-management/css/bootstrap-local.css
org.springframework.web.util.NestedServletException: Handler dispatch failed; nested exception is java.lang.NoSuchMethodError: javax.servlet.http.HttpServletResponse.setContentLengthLong(J)V
	at org.springframework.web.servlet.DispatcherServlet.doDispatch(DispatcherServlet.java:1082)
	at org.springframework.web.servlet.DispatcherServlet.doService(DispatcherServlet.java:963)
	at org.springframework.web.servlet.FrameworkServlet.processRequest(FrameworkServlet.java:1006)
	at org.springframework.web.servlet.FrameworkServlet.doGet(FrameworkServlet.java:898)
	at javax.servlet.http.HttpServlet.service(HttpServlet.java:621)
	at org.springframework.web.servlet.FrameworkServlet.service(FrameworkServlet.java:883)
	at javax.servlet.http.HttpServlet.service(HttpServlet.java:728)
	at org.apache.catalina.core.ApplicationFilterChain.internalDoFilter(ApplicationFilterChain.java:305)
	at org.apache.catalina.core.ApplicationFilterChain.doFilter(ApplicationFilterChain.java:210)
	at org.apache.tomcat.websocket.server.WsFilter.doFilter(WsFilter.java:51)
	at org.apache.catalina.core.ApplicationFilterChain.internalDoFilter(ApplicationFilterChain.java:243)
	at org.apache.catalina.core.ApplicationFilterChain.doFilter(ApplicationFilterChain.java:210)
	at org.springframework.web.filter.CharacterEncodingFilter.doFilterInternal(CharacterEncodingFilter.java:201)
	at org.springframework.web.filter.OncePerRequestFilter.doFilter(OncePerRequestFilter.java:117)
	at org.apache.catalina.core.ApplicationFilterChain.internalDoFilter(ApplicationFilterChain.java:243)
	at org.apache.catalina.core.ApplicationFilterChain.doFilter(ApplicationFilterChain.java:210)
	at org.apache.catalina.core.StandardWrapperValve.invoke(StandardWrapperValve.java:222)
	at org.apache.catalina.core.StandardContextValve.invoke(StandardContextValve.java:123)
	at org.apache.catalina.authenticator.AuthenticatorBase.invoke(AuthenticatorBase.java:502)
	at org.apache.catalina.core.StandardHostValve.invoke(StandardHostValve.java:171)
	at org.apache.catalina.valves.ErrorReportValve.invoke(ErrorReportValve.java:100)
	at org.apache.catalina.valves.AccessLogValve.invoke(AccessLogValve.java:953)
	at org.apache.catalina.core.StandardEngineValve.invoke(StandardEngineValve.java:118)
	at org.apache.catalina.connector.CoyoteAdapter.service(CoyoteAdapter.java:408)
	at org.apache.coyote.http11.AbstractHttp11Processor.process(AbstractHttp11Processor.java:1041)
	at org.apache.coyote.AbstractProtocol$AbstractConnectionHandler.process(AbstractProtocol.java:603)
	at org.apache.tomcat.util.net.JIoEndpoint$SocketProcessor.run(JIoEndpoint.java:312)
	at java.util.concurrent.ThreadPoolExecutor.runWorker(ThreadPoolExecutor.java:1149)
	at java.util.concurrent.ThreadPoolExecutor$Worker.run(ThreadPoolExecutor.java:624)
	at java.lang.Thread.run(Thread.java:748)
Caused by: java.lang.NoSuchMethodError: javax.servlet.http.HttpServletResponse.setContentLengthLong(J)V
	at org.springframework.http.server.ServletServerHttpResponse.writeHeaders(ServletServerHttpResponse.java:130)
	at org.springframework.http.server.ServletServerHttpResponse.getBody(ServletServerHttpResponse.java:96)
	at org.springframework.http.converter.ResourceHttpMessageConverter.writeContent(ResourceHttpMessageConverter.java:139)
	at org.springframework.http.converter.ResourceHttpMessageConverter.writeInternal(ResourceHttpMessageConverter.java:129)
	at org.springframework.http.converter.ResourceHttpMessageConverter.writeInternal(ResourceHttpMessageConverter.java:45)
	at org.springframework.http.converter.AbstractHttpMessageConverter.write(AbstractHttpMessageConverter.java:227)
	at org.springframework.web.servlet.mvc.method.annotation.AbstractMessageConverterMethodProcessor.writeWithMessageConverters(AbstractMessageConverterMethodProcessor.java:293)
	at org.springframework.web.servlet.mvc.method.annotation.HttpEntityMethodProcessor.handleReturnValue(HttpEntityMethodProcessor.java:219)
	at org.springframework.web.method.support.HandlerMethodReturnValueHandlerComposite.handleReturnValue(HandlerMethodReturnValueHandlerComposite.java:78)
	at org.springframework.web.servlet.mvc.method.annotation.ServletInvocableHandlerMethod.invokeAndHandle(ServletInvocableHandlerMethod.java:135)
	at org.springframework.web.servlet.mvc.method.annotation.RequestMappingHandlerAdapter.invokeHandlerMethod(RequestMappingHandlerAdapter.java:895)
	at org.springframework.web.servlet.mvc.method.annotation.RequestMappingHandlerAdapter.handleInternal(RequestMappingHandlerAdapter.java:808)
	at org.springframework.web.servlet.mvc.method.AbstractHandlerMethodAdapter.handle(AbstractHandlerMethodAdapter.java:87)
	at org.springframework.web.servlet.DispatcherServlet.doDispatch(DispatcherServlet.java:1067)
	... 29 common frames omitted
2026-01-04 17:39:56.568 [http-bio-8081-exec-5] ERROR c.e.d.e.GlobalExceptionHandler - 未预期异常: Handler dispatch failed; nested exception is java.lang.NoSuchMethodError: javax.servlet.http.HttpServletResponse.setContentLengthLong(J)V - 请求URL: http://localhost:8081/document-management/css/bootstrap-local.css
org.springframework.web.util.NestedServletException: Handler dispatch failed; nested exception is java.lang.NoSuchMethodError: javax.servlet.http.HttpServletResponse.setContentLengthLong(J)V
	at org.springframework.web.servlet.DispatcherServlet.doDispatch(DispatcherServlet.java:1082)
	at org.springframework.web.servlet.DispatcherServlet.doService(DispatcherServlet.java:963)
	at org.springframework.web.servlet.FrameworkServlet.processRequest(FrameworkServlet.java:1006)
	at org.springframework.web.servlet.FrameworkServlet.doGet(FrameworkServlet.java:898)
	at javax.servlet.http.HttpServlet.service(HttpServlet.java:621)
	at org.springframework.web.servlet.FrameworkServlet.service(FrameworkServlet.java:883)
	at javax.servlet.http.HttpServlet.service(HttpServlet.java:728)
	at org.apache.catalina.core.ApplicationFilterChain.internalDoFilter(ApplicationFilterChain.java:305)
	at org.apache.catalina.core.ApplicationFilterChain.doFilter(ApplicationFilterChain.java:210)
	at org.apache.tomcat.websocket.server.WsFilter.doFilter(WsFilter.java:51)
	at org.apache.catalina.core.ApplicationFilterChain.internalDoFilter(ApplicationFilterChain.java:243)
	at org.apache.catalina.core.ApplicationFilterChain.doFilter(ApplicationFilterChain.java:210)
	at org.springframework.web.filter.CharacterEncodingFilter.doFilterInternal(CharacterEncodingFilter.java:201)
	at org.springframework.web.filter.OncePerRequestFilter.doFilter(OncePerRequestFilter.java:117)
	at org.apache.catalina.core.ApplicationFilterChain.internalDoFilter(ApplicationFilterChain.java:243)
	at org.apache.catalina.core.ApplicationFilterChain.doFilter(ApplicationFilterChain.java:210)
	at org.apache.catalina.core.StandardWrapperValve.invoke(StandardWrapperValve.java:222)
	at org.apache.catalina.core.StandardContextValve.invoke(StandardContextValve.java:123)
	at org.apache.catalina.authenticator.AuthenticatorBase.invoke(AuthenticatorBase.java:502)
	at org.apache.catalina.core.StandardHostValve.invoke(StandardHostValve.java:171)
	at org.apache.catalina.valves.ErrorReportValve.invoke(ErrorReportValve.java:100)
	at org.apache.catalina.valves.AccessLogValve.invoke(AccessLogValve.java:953)
	at org.apache.catalina.core.StandardEngineValve.invoke(StandardEngineValve.java:118)
	at org.apache.catalina.connector.CoyoteAdapter.service(CoyoteAdapter.java:408)
	at org.apache.coyote.http11.AbstractHttp11Processor.process(AbstractHttp11Processor.java:1041)
	at org.apache.coyote.AbstractProtocol$AbstractConnectionHandler.process(AbstractProtocol.java:603)
	at org.apache.tomcat.util.net.JIoEndpoint$SocketProcessor.run(JIoEndpoint.java:312)
	at java.util.concurrent.ThreadPoolExecutor.runWorker(ThreadPoolExecutor.java:1149)
	at java.util.concurrent.ThreadPoolExecutor$Worker.run(ThreadPoolExecutor.java:624)
	at java.lang.Thread.run(Thread.java:748)
Caused by: java.lang.NoSuchMethodError: javax.servlet.http.HttpServletResponse.setContentLengthLong(J)V
	at org.springframework.http.server.ServletServerHttpResponse.writeHeaders(ServletServerHttpResponse.java:130)
	at org.springframework.http.server.ServletServerHttpResponse.getBody(ServletServerHttpResponse.java:96)
	at org.springframework.http.converter.ResourceHttpMessageConverter.writeContent(ResourceHttpMessageConverter.java:139)
	at org.springframework.http.converter.ResourceHttpMessageConverter.writeInternal(ResourceHttpMessageConverter.java:129)
	at org.springframework.http.converter.ResourceHttpMessageConverter.writeInternal(ResourceHttpMessageConverter.java:45)
	at org.springframework.http.converter.AbstractHttpMessageConverter.write(AbstractHttpMessageConverter.java:227)
	at org.springframework.web.servlet.mvc.method.annotation.AbstractMessageConverterMethodProcessor.writeWithMessageConverters(AbstractMessageConverterMethodProcessor.java:293)
	at org.springframework.web.servlet.mvc.method.annotation.HttpEntityMethodProcessor.handleReturnValue(HttpEntityMethodProcessor.java:219)
	at org.springframework.web.method.support.HandlerMethodReturnValueHandlerComposite.handleReturnValue(HandlerMethodReturnValueHandlerComposite.java:78)
	at org.springframework.web.servlet.mvc.method.annotation.ServletInvocableHandlerMethod.invokeAndHandle(ServletInvocableHandlerMethod.java:135)
	at org.springframework.web.servlet.mvc.method.annotation.RequestMappingHandlerAdapter.invokeHandlerMethod(RequestMappingHandlerAdapter.java:895)
	at org.springframework.web.servlet.mvc.method.annotation.RequestMappingHandlerAdapter.handleInternal(RequestMappingHandlerAdapter.java:808)
	at org.springframework.web.servlet.mvc.method.AbstractHandlerMethodAdapter.handle(AbstractHandlerMethodAdapter.java:87)
	at org.springframework.web.servlet.DispatcherServlet.doDispatch(DispatcherServlet.java:1067)
	... 29 common frames omitted
2026-01-04 17:39:58.174 [http-bio-8081-exec-7] ERROR c.e.d.e.GlobalExceptionHandler - 未预期异常: Handler dispatch failed; nested exception is java.lang.NoSuchMethodError: javax.servlet.http.HttpServletResponse.setContentLengthLong(J)V - 请求URL: http://localhost:8081/document-management/css/bootstrap-local.css
org.springframework.web.util.NestedServletException: Handler dispatch failed; nested exception is java.lang.NoSuchMethodError: javax.servlet.http.HttpServletResponse.setContentLengthLong(J)V
	at org.springframework.web.servlet.DispatcherServlet.doDispatch(DispatcherServlet.java:1082)
	at org.springframework.web.servlet.DispatcherServlet.doService(DispatcherServlet.java:963)
	at org.springframework.web.servlet.FrameworkServlet.processRequest(FrameworkServlet.java:1006)
	at org.springframework.web.servlet.FrameworkServlet.doGet(FrameworkServlet.java:898)
	at javax.servlet.http.HttpServlet.service(HttpServlet.java:621)
	at org.springframework.web.servlet.FrameworkServlet.service(FrameworkServlet.java:883)
	at javax.servlet.http.HttpServlet.service(HttpServlet.java:728)
	at org.apache.catalina.core.ApplicationFilterChain.internalDoFilter(ApplicationFilterChain.java:305)
	at org.apache.catalina.core.ApplicationFilterChain.doFilter(ApplicationFilterChain.java:210)
	at org.apache.tomcat.websocket.server.WsFilter.doFilter(WsFilter.java:51)
	at org.apache.catalina.core.ApplicationFilterChain.internalDoFilter(ApplicationFilterChain.java:243)
	at org.apache.catalina.core.ApplicationFilterChain.doFilter(ApplicationFilterChain.java:210)
	at org.springframework.web.filter.CharacterEncodingFilter.doFilterInternal(CharacterEncodingFilter.java:201)
	at org.springframework.web.filter.OncePerRequestFilter.doFilter(OncePerRequestFilter.java:117)
	at org.apache.catalina.core.ApplicationFilterChain.internalDoFilter(ApplicationFilterChain.java:243)
	at org.apache.catalina.core.ApplicationFilterChain.doFilter(ApplicationFilterChain.java:210)
	at org.apache.catalina.core.StandardWrapperValve.invoke(StandardWrapperValve.java:222)
	at org.apache.catalina.core.StandardContextValve.invoke(StandardContextValve.java:123)
	at org.apache.catalina.authenticator.AuthenticatorBase.invoke(AuthenticatorBase.java:502)
	at org.apache.catalina.core.StandardHostValve.invoke(StandardHostValve.java:171)
	at org.apache.catalina.valves.ErrorReportValve.invoke(ErrorReportValve.java:100)
	at org.apache.catalina.valves.AccessLogValve.invoke(AccessLogValve.java:953)
	at org.apache.catalina.core.StandardEngineValve.invoke(StandardEngineValve.java:118)
	at org.apache.catalina.connector.CoyoteAdapter.service(CoyoteAdapter.java:408)
	at org.apache.coyote.http11.AbstractHttp11Processor.process(AbstractHttp11Processor.java:1041)
	at org.apache.coyote.AbstractProtocol$AbstractConnectionHandler.process(AbstractProtocol.java:603)
	at org.apache.tomcat.util.net.JIoEndpoint$SocketProcessor.run(JIoEndpoint.java:312)
	at java.util.concurrent.ThreadPoolExecutor.runWorker(ThreadPoolExecutor.java:1149)
	at java.util.concurrent.ThreadPoolExecutor$Worker.run(ThreadPoolExecutor.java:624)
	at java.lang.Thread.run(Thread.java:748)
Caused by: java.lang.NoSuchMethodError: javax.servlet.http.HttpServletResponse.setContentLengthLong(J)V
	at org.springframework.http.server.ServletServerHttpResponse.writeHeaders(ServletServerHttpResponse.java:130)
	at org.springframework.http.server.ServletServerHttpResponse.getBody(ServletServerHttpResponse.java:96)
	at org.springframework.http.converter.ResourceHttpMessageConverter.writeContent(ResourceHttpMessageConverter.java:139)
	at org.springframework.http.converter.ResourceHttpMessageConverter.writeInternal(ResourceHttpMessageConverter.java:129)
	at org.springframework.http.converter.ResourceHttpMessageConverter.writeInternal(ResourceHttpMessageConverter.java:45)
	at org.springframework.http.converter.AbstractHttpMessageConverter.write(AbstractHttpMessageConverter.java:227)
	at org.springframework.web.servlet.mvc.method.annotation.AbstractMessageConverterMethodProcessor.writeWithMessageConverters(AbstractMessageConverterMethodProcessor.java:293)
	at org.springframework.web.servlet.mvc.method.annotation.HttpEntityMethodProcessor.handleReturnValue(HttpEntityMethodProcessor.java:219)
	at org.springframework.web.method.support.HandlerMethodReturnValueHandlerComposite.handleReturnValue(HandlerMethodReturnValueHandlerComposite.java:78)
	at org.springframework.web.servlet.mvc.method.annotation.ServletInvocableHandlerMethod.invokeAndHandle(ServletInvocableHandlerMethod.java:135)
	at org.springframework.web.servlet.mvc.method.annotation.RequestMappingHandlerAdapter.invokeHandlerMethod(RequestMappingHandlerAdapter.java:895)
	at org.springframework.web.servlet.mvc.method.annotation.RequestMappingHandlerAdapter.handleInternal(RequestMappingHandlerAdapter.java:808)
	at org.springframework.web.servlet.mvc.method.AbstractHandlerMethodAdapter.handle(AbstractHandlerMethodAdapter.java:87)
	at org.springframework.web.servlet.DispatcherServlet.doDispatch(DispatcherServlet.java:1067)
	... 29 common frames omitted
2026-01-04 17:39:59.631 [http-bio-8081-exec-6] INFO  c.e.d.controller.DocumentController - 处理查看文档列表请求
2026-01-04 17:39:59.652 [http-bio-8081-exec-6] INFO  c.e.document.service.DocumentService - 查询所有文档列表
2026-01-04 17:39:59.656 [http-bio-8081-exec-6] DEBUG org.mybatis.spring.SqlSessionUtils - Creating a new SqlSession
2026-01-04 17:39:59.661 [http-bio-8081-exec-6] DEBUG org.mybatis.spring.SqlSessionUtils - Registering transaction synchronization for SqlSession [org.apache.ibatis.session.defaults.DefaultSqlSession@3fb584f9]
2026-01-04 17:39:59.670 [http-bio-8081-exec-6] DEBUG o.m.s.t.SpringManagedTransaction - JDBC Connection [HikariProxyConnection@1603076562 wrapping com.mysql.cj.jdbc.ConnectionImpl@ddf2331] will be managed by Spring
2026-01-04 17:39:59.672 [http-bio-8081-exec-6] DEBUG c.e.d.mapper.DocumentMapper.findAll - ==>  Preparing: SELECT id, document_code, document_name, document_type, status, created_time, updated_time FROM documents ORDER BY document_code ASC
2026-01-04 17:39:59.680 [http-bio-8081-exec-6] DEBUG c.e.d.mapper.DocumentMapper.findAll - ==> Parameters: 
2026-01-04 17:39:59.698 [http-bio-8081-exec-6] DEBUG c.e.d.mapper.DocumentMapper.findAll - <==      Total: 8
2026-01-04 17:39:59.702 [http-bio-8081-exec-6] DEBUG org.mybatis.spring.SqlSessionUtils - Releasing transactional SqlSession [org.apache.ibatis.session.defaults.DefaultSqlSession@3fb584f9]
2026-01-04 17:39:59.704 [http-bio-8081-exec-6] INFO  c.e.document.service.DocumentService - 查询到 8 个文档
2026-01-04 17:39:59.704 [http-bio-8081-exec-6] DEBUG org.mybatis.spring.SqlSessionUtils - Transaction synchronization committing SqlSession [org.apache.ibatis.session.defaults.DefaultSqlSession@3fb584f9]
2026-01-04 17:39:59.704 [http-bio-8081-exec-6] DEBUG org.mybatis.spring.SqlSessionUtils - Transaction synchronization deregistering SqlSession [org.apache.ibatis.session.defaults.DefaultSqlSession@3fb584f9]
2026-01-04 17:39:59.706 [http-bio-8081-exec-6] DEBUG org.mybatis.spring.SqlSessionUtils - Transaction synchronization closing SqlSession [org.apache.ibatis.session.defaults.DefaultSqlSession@3fb584f9]
2026-01-04 17:39:59.706 [http-bio-8081-exec-6] INFO  c.e.d.controller.DocumentController - 成功获取文档列表，共 8 个文档
2026-01-04 17:39:59.874 [http-bio-8081-exec-9] ERROR c.e.d.e.GlobalExceptionHandler - 未预期异常: Handler dispatch failed; nested exception is java.lang.NoSuchMethodError: javax.servlet.http.HttpServletResponse.setContentLengthLong(J)V - 请求URL: http://localhost:8081/document-management/css/bootstrap-local.css
org.springframework.web.util.NestedServletException: Handler dispatch failed; nested exception is java.lang.NoSuchMethodError: javax.servlet.http.HttpServletResponse.setContentLengthLong(J)V
	at org.springframework.web.servlet.DispatcherServlet.doDispatch(DispatcherServlet.java:1082)
	at org.springframework.web.servlet.DispatcherServlet.doService(DispatcherServlet.java:963)
	at org.springframework.web.servlet.FrameworkServlet.processRequest(FrameworkServlet.java:1006)
	at org.springframework.web.servlet.FrameworkServlet.doGet(FrameworkServlet.java:898)
	at javax.servlet.http.HttpServlet.service(HttpServlet.java:621)
	at org.springframework.web.servlet.FrameworkServlet.service(FrameworkServlet.java:883)
	at javax.servlet.http.HttpServlet.service(HttpServlet.java:728)
	at org.apache.catalina.core.ApplicationFilterChain.internalDoFilter(ApplicationFilterChain.java:305)
	at org.apache.catalina.core.ApplicationFilterChain.doFilter(ApplicationFilterChain.java:210)
	at org.apache.tomcat.websocket.server.WsFilter.doFilter(WsFilter.java:51)
	at org.apache.catalina.core.ApplicationFilterChain.internalDoFilter(ApplicationFilterChain.java:243)
	at org.apache.catalina.core.ApplicationFilterChain.doFilter(ApplicationFilterChain.java:210)
	at org.springframework.web.filter.CharacterEncodingFilter.doFilterInternal(CharacterEncodingFilter.java:201)
	at org.springframework.web.filter.OncePerRequestFilter.doFilter(OncePerRequestFilter.java:117)
	at org.apache.catalina.core.ApplicationFilterChain.internalDoFilter(ApplicationFilterChain.java:243)
	at org.apache.catalina.core.ApplicationFilterChain.doFilter(ApplicationFilterChain.java:210)
	at org.apache.catalina.core.StandardWrapperValve.invoke(StandardWrapperValve.java:222)
	at org.apache.catalina.core.StandardContextValve.invoke(StandardContextValve.java:123)
	at org.apache.catalina.authenticator.AuthenticatorBase.invoke(AuthenticatorBase.java:502)
	at org.apache.catalina.core.StandardHostValve.invoke(StandardHostValve.java:171)
	at org.apache.catalina.valves.ErrorReportValve.invoke(ErrorReportValve.java:100)
	at org.apache.catalina.valves.AccessLogValve.invoke(AccessLogValve.java:953)
	at org.apache.catalina.core.StandardEngineValve.invoke(StandardEngineValve.java:118)
	at org.apache.catalina.connector.CoyoteAdapter.service(CoyoteAdapter.java:408)
	at org.apache.coyote.http11.AbstractHttp11Processor.process(AbstractHttp11Processor.java:1041)
	at org.apache.coyote.AbstractProtocol$AbstractConnectionHandler.process(AbstractProtocol.java:603)
	at org.apache.tomcat.util.net.JIoEndpoint$SocketProcessor.run(JIoEndpoint.java:312)
	at java.util.concurrent.ThreadPoolExecutor.runWorker(ThreadPoolExecutor.java:1149)
	at java.util.concurrent.ThreadPoolExecutor$Worker.run(ThreadPoolExecutor.java:624)
	at java.lang.Thread.run(Thread.java:748)
Caused by: java.lang.NoSuchMethodError: javax.servlet.http.HttpServletResponse.setContentLengthLong(J)V
	at org.springframework.http.server.ServletServerHttpResponse.writeHeaders(ServletServerHttpResponse.java:130)
	at org.springframework.http.server.ServletServerHttpResponse.getBody(ServletServerHttpResponse.java:96)
	at org.springframework.http.converter.ResourceHttpMessageConverter.writeContent(ResourceHttpMessageConverter.java:139)
	at org.springframework.http.converter.ResourceHttpMessageConverter.writeInternal(ResourceHttpMessageConverter.java:129)
	at org.springframework.http.converter.ResourceHttpMessageConverter.writeInternal(ResourceHttpMessageConverter.java:45)
	at org.springframework.http.converter.AbstractHttpMessageConverter.write(AbstractHttpMessageConverter.java:227)
	at org.springframework.web.servlet.mvc.method.annotation.AbstractMessageConverterMethodProcessor.writeWithMessageConverters(AbstractMessageConverterMethodProcessor.java:293)
	at org.springframework.web.servlet.mvc.method.annotation.HttpEntityMethodProcessor.handleReturnValue(HttpEntityMethodProcessor.java:219)
	at org.springframework.web.method.support.HandlerMethodReturnValueHandlerComposite.handleReturnValue(HandlerMethodReturnValueHandlerComposite.java:78)
	at org.springframework.web.servlet.mvc.method.annotation.ServletInvocableHandlerMethod.invokeAndHandle(ServletInvocableHandlerMethod.java:135)
	at org.springframework.web.servlet.mvc.method.annotation.RequestMappingHandlerAdapter.invokeHandlerMethod(RequestMappingHandlerAdapter.java:895)
	at org.springframework.web.servlet.mvc.method.annotation.RequestMappingHandlerAdapter.handleInternal(RequestMappingHandlerAdapter.java:808)
	at org.springframework.web.servlet.mvc.method.AbstractHandlerMethodAdapter.handle(AbstractHandlerMethodAdapter.java:87)
	at org.springframework.web.servlet.DispatcherServlet.doDispatch(DispatcherServlet.java:1067)
	... 29 common frames omitted
2026-01-04 17:42:19.294 [http-bio-8081-exec-10] ERROR c.e.d.e.GlobalExceptionHandler - 未预期异常: Handler dispatch failed; nested exception is java.lang.NoSuchMethodError: javax.servlet.http.HttpServletResponse.setContentLengthLong(J)V - 请求URL: http://localhost:8081/document-management/css/bootstrap-local.css
org.springframework.web.util.NestedServletException: Handler dispatch failed; nested exception is java.lang.NoSuchMethodError: javax.servlet.http.HttpServletResponse.setContentLengthLong(J)V
	at org.springframework.web.servlet.DispatcherServlet.doDispatch(DispatcherServlet.java:1082)
	at org.springframework.web.servlet.DispatcherServlet.doService(DispatcherServlet.java:963)
	at org.springframework.web.servlet.FrameworkServlet.processRequest(FrameworkServlet.java:1006)
	at org.springframework.web.servlet.FrameworkServlet.doGet(FrameworkServlet.java:898)
	at javax.servlet.http.HttpServlet.service(HttpServlet.java:621)
	at org.springframework.web.servlet.FrameworkServlet.service(FrameworkServlet.java:883)
	at javax.servlet.http.HttpServlet.service(HttpServlet.java:728)
	at org.apache.catalina.core.ApplicationFilterChain.internalDoFilter(ApplicationFilterChain.java:305)
	at org.apache.catalina.core.ApplicationFilterChain.doFilter(ApplicationFilterChain.java:210)
	at org.apache.tomcat.websocket.server.WsFilter.doFilter(WsFilter.java:51)
	at org.apache.catalina.core.ApplicationFilterChain.internalDoFilter(ApplicationFilterChain.java:243)
	at org.apache.catalina.core.ApplicationFilterChain.doFilter(ApplicationFilterChain.java:210)
	at org.springframework.web.filter.CharacterEncodingFilter.doFilterInternal(CharacterEncodingFilter.java:201)
	at org.springframework.web.filter.OncePerRequestFilter.doFilter(OncePerRequestFilter.java:117)
	at org.apache.catalina.core.ApplicationFilterChain.internalDoFilter(ApplicationFilterChain.java:243)
	at org.apache.catalina.core.ApplicationFilterChain.doFilter(ApplicationFilterChain.java:210)
	at org.apache.catalina.core.StandardWrapperValve.invoke(StandardWrapperValve.java:222)
	at org.apache.catalina.core.StandardContextValve.invoke(StandardContextValve.java:123)
	at org.apache.catalina.authenticator.AuthenticatorBase.invoke(AuthenticatorBase.java:502)
	at org.apache.catalina.core.StandardHostValve.invoke(StandardHostValve.java:171)
	at org.apache.catalina.valves.ErrorReportValve.invoke(ErrorReportValve.java:100)
	at org.apache.catalina.valves.AccessLogValve.invoke(AccessLogValve.java:953)
	at org.apache.catalina.core.StandardEngineValve.invoke(StandardEngineValve.java:118)
	at org.apache.catalina.connector.CoyoteAdapter.service(CoyoteAdapter.java:408)
	at org.apache.coyote.http11.AbstractHttp11Processor.process(AbstractHttp11Processor.java:1041)
	at org.apache.coyote.AbstractProtocol$AbstractConnectionHandler.process(AbstractProtocol.java:603)
	at org.apache.tomcat.util.net.JIoEndpoint$SocketProcessor.run(JIoEndpoint.java:312)
	at java.util.concurrent.ThreadPoolExecutor.runWorker(ThreadPoolExecutor.java:1149)
	at java.util.concurrent.ThreadPoolExecutor$Worker.run(ThreadPoolExecutor.java:624)
	at java.lang.Thread.run(Thread.java:748)
Caused by: java.lang.NoSuchMethodError: javax.servlet.http.HttpServletResponse.setContentLengthLong(J)V
	at org.springframework.http.server.ServletServerHttpResponse.writeHeaders(ServletServerHttpResponse.java:130)
	at org.springframework.http.server.ServletServerHttpResponse.getBody(ServletServerHttpResponse.java:96)
	at org.springframework.http.converter.ResourceHttpMessageConverter.writeContent(ResourceHttpMessageConverter.java:139)
	at org.springframework.http.converter.ResourceHttpMessageConverter.writeInternal(ResourceHttpMessageConverter.java:129)
	at org.springframework.http.converter.ResourceHttpMessageConverter.writeInternal(ResourceHttpMessageConverter.java:45)
	at org.springframework.http.converter.AbstractHttpMessageConverter.write(AbstractHttpMessageConverter.java:227)
	at org.springframework.web.servlet.mvc.method.annotation.AbstractMessageConverterMethodProcessor.writeWithMessageConverters(AbstractMessageConverterMethodProcessor.java:293)
	at org.springframework.web.servlet.mvc.method.annotation.HttpEntityMethodProcessor.handleReturnValue(HttpEntityMethodProcessor.java:219)
	at org.springframework.web.method.support.HandlerMethodReturnValueHandlerComposite.handleReturnValue(HandlerMethodReturnValueHandlerComposite.java:78)
	at org.springframework.web.servlet.mvc.method.annotation.ServletInvocableHandlerMethod.invokeAndHandle(ServletInvocableHandlerMethod.java:135)
	at org.springframework.web.servlet.mvc.method.annotation.RequestMappingHandlerAdapter.invokeHandlerMethod(RequestMappingHandlerAdapter.java:895)
	at org.springframework.web.servlet.mvc.method.annotation.RequestMappingHandlerAdapter.handleInternal(RequestMappingHandlerAdapter.java:808)
	at org.springframework.web.servlet.mvc.method.AbstractHandlerMethodAdapter.handle(AbstractHandlerMethodAdapter.java:87)
	at org.springframework.web.servlet.DispatcherServlet.doDispatch(DispatcherServlet.java:1067)
	... 29 common frames omitted
2026-01-04 17:42:46.253 [http-bio-8081-exec-3] ERROR c.e.d.e.GlobalExceptionHandler - 未预期异常: Handler dispatch failed; nested exception is java.lang.NoSuchMethodError: javax.servlet.http.HttpServletResponse.setContentLengthLong(J)V - 请求URL: http://localhost:8081/document-management/css/bootstrap-local.css
org.springframework.web.util.NestedServletException: Handler dispatch failed; nested exception is java.lang.NoSuchMethodError: javax.servlet.http.HttpServletResponse.setContentLengthLong(J)V
	at org.springframework.web.servlet.DispatcherServlet.doDispatch(DispatcherServlet.java:1082)
	at org.springframework.web.servlet.DispatcherServlet.doService(DispatcherServlet.java:963)
	at org.springframework.web.servlet.FrameworkServlet.processRequest(FrameworkServlet.java:1006)
	at org.springframework.web.servlet.FrameworkServlet.doGet(FrameworkServlet.java:898)
	at javax.servlet.http.HttpServlet.service(HttpServlet.java:621)
	at org.springframework.web.servlet.FrameworkServlet.service(FrameworkServlet.java:883)
	at javax.servlet.http.HttpServlet.service(HttpServlet.java:728)
	at org.apache.catalina.core.ApplicationFilterChain.internalDoFilter(ApplicationFilterChain.java:305)
	at org.apache.catalina.core.ApplicationFilterChain.doFilter(ApplicationFilterChain.java:210)
	at org.apache.tomcat.websocket.server.WsFilter.doFilter(WsFilter.java:51)
	at org.apache.catalina.core.ApplicationFilterChain.internalDoFilter(ApplicationFilterChain.java:243)
	at org.apache.catalina.core.ApplicationFilterChain.doFilter(ApplicationFilterChain.java:210)
	at org.springframework.web.filter.CharacterEncodingFilter.doFilterInternal(CharacterEncodingFilter.java:201)
	at org.springframework.web.filter.OncePerRequestFilter.doFilter(OncePerRequestFilter.java:117)
	at org.apache.catalina.core.ApplicationFilterChain.internalDoFilter(ApplicationFilterChain.java:243)
	at org.apache.catalina.core.ApplicationFilterChain.doFilter(ApplicationFilterChain.java:210)
	at org.apache.catalina.core.StandardWrapperValve.invoke(StandardWrapperValve.java:222)
	at org.apache.catalina.core.StandardContextValve.invoke(StandardContextValve.java:123)
	at org.apache.catalina.authenticator.AuthenticatorBase.invoke(AuthenticatorBase.java:502)
	at org.apache.catalina.core.StandardHostValve.invoke(StandardHostValve.java:171)
	at org.apache.catalina.valves.ErrorReportValve.invoke(ErrorReportValve.java:100)
	at org.apache.catalina.valves.AccessLogValve.invoke(AccessLogValve.java:953)
	at org.apache.catalina.core.StandardEngineValve.invoke(StandardEngineValve.java:118)
	at org.apache.catalina.connector.CoyoteAdapter.service(CoyoteAdapter.java:408)
	at org.apache.coyote.http11.AbstractHttp11Processor.process(AbstractHttp11Processor.java:1041)
	at org.apache.coyote.AbstractProtocol$AbstractConnectionHandler.process(AbstractProtocol.java:603)
	at org.apache.tomcat.util.net.JIoEndpoint$SocketProcessor.run(JIoEndpoint.java:312)
	at java.util.concurrent.ThreadPoolExecutor.runWorker(ThreadPoolExecutor.java:1149)
	at java.util.concurrent.ThreadPoolExecutor$Worker.run(ThreadPoolExecutor.java:624)
	at java.lang.Thread.run(Thread.java:748)
Caused by: java.lang.NoSuchMethodError: javax.servlet.http.HttpServletResponse.setContentLengthLong(J)V
	at org.springframework.http.server.ServletServerHttpResponse.writeHeaders(ServletServerHttpResponse.java:130)
	at org.springframework.http.server.ServletServerHttpResponse.getBody(ServletServerHttpResponse.java:96)
	at org.springframework.http.converter.ResourceHttpMessageConverter.writeContent(ResourceHttpMessageConverter.java:139)
	at org.springframework.http.converter.ResourceHttpMessageConverter.writeInternal(ResourceHttpMessageConverter.java:129)
	at org.springframework.http.converter.ResourceHttpMessageConverter.writeInternal(ResourceHttpMessageConverter.java:45)
	at org.springframework.http.converter.AbstractHttpMessageConverter.write(AbstractHttpMessageConverter.java:227)
	at org.springframework.web.servlet.mvc.method.annotation.AbstractMessageConverterMethodProcessor.writeWithMessageConverters(AbstractMessageConverterMethodProcessor.java:293)
	at org.springframework.web.servlet.mvc.method.annotation.HttpEntityMethodProcessor.handleReturnValue(HttpEntityMethodProcessor.java:219)
	at org.springframework.web.method.support.HandlerMethodReturnValueHandlerComposite.handleReturnValue(HandlerMethodReturnValueHandlerComposite.java:78)
	at org.springframework.web.servlet.mvc.method.annotation.ServletInvocableHandlerMethod.invokeAndHandle(ServletInvocableHandlerMethod.java:135)
	at org.springframework.web.servlet.mvc.method.annotation.RequestMappingHandlerAdapter.invokeHandlerMethod(RequestMappingHandlerAdapter.java:895)
	at org.springframework.web.servlet.mvc.method.annotation.RequestMappingHandlerAdapter.handleInternal(RequestMappingHandlerAdapter.java:808)
	at org.springframework.web.servlet.mvc.method.AbstractHandlerMethodAdapter.handle(AbstractHandlerMethodAdapter.java:87)
	at org.springframework.web.servlet.DispatcherServlet.doDispatch(DispatcherServlet.java:1067)
	... 29 common frames omitted
2026-01-04 17:44:44.837 [localhost-startStop-1] INFO  o.s.web.context.ContextLoader - Root WebApplicationContext: initialization started
2026-01-04 17:44:45.176 [localhost-startStop-1] DEBUG o.m.s.mapper.ClassPathMapperScanner - Identified candidate component class: file [D:\debug\Javaee_ssm\target\classes\com\enterprise\document\mapper\BorrowingRecordMapper.class]
2026-01-04 17:44:45.176 [localhost-startStop-1] DEBUG o.m.s.mapper.ClassPathMapperScanner - Identified candidate component class: file [D:\debug\Javaee_ssm\target\classes\com\enterprise\document\mapper\DocumentMapper.class]
2026-01-04 17:44:45.177 [localhost-startStop-1] DEBUG o.m.s.mapper.ClassPathMapperScanner - Creating MapperFactoryBean with name 'borrowingRecordMapper' and 'com.enterprise.document.mapper.BorrowingRecordMapper' mapperInterface
2026-01-04 17:44:45.179 [localhost-startStop-1] DEBUG o.m.s.mapper.ClassPathMapperScanner - Creating MapperFactoryBean with name 'documentMapper' and 'com.enterprise.document.mapper.DocumentMapper' mapperInterface
2026-01-04 17:44:45.358 [localhost-startStop-1] INFO  c.e.d.config.DatabaseAutoInitializer - 开始数据库自动初始化...
2026-01-04 17:44:45.360 [localhost-startStop-1] INFO  c.e.d.config.DatabaseAutoInitializer - 执行数据库表结构创建脚本: classpath:sql/schema.sql
2026-01-04 17:44:45.361 [localhost-startStop-1] INFO  com.zaxxer.hikari.HikariDataSource - HikariPool-1 - Starting...
2026-01-04 17:44:45.482 [localhost-startStop-1] INFO  com.zaxxer.hikari.HikariDataSource - HikariPool-1 - Start completed.
2026-01-04 17:44:45.512 [localhost-startStop-1] WARN  c.e.d.config.DatabaseAutoInitializer - 索引或约束已存在，继续执行: Failed to execute SQL script statement #2 of class path resource [sql/schema.sql]: CREATE INDEX idx_doc_code ON documents(document_code); nested exception is java.sql.SQLSyntaxErrorException: Duplicate key name 'idx_doc_code'
2026-01-04 17:44:45.515 [localhost-startStop-1] DEBUG c.e.d.config.DatabaseAutoInitializer - 执行成功: CREATE TABLE IF NOT EXISTS documents (id BIGINT PR...
2026-01-04 17:44:45.518 [localhost-startStop-1] DEBUG c.e.d.config.DatabaseAutoInitializer - 执行成功: CREATE TABLE IF NOT EXISTS borrowing_records (id B...
2026-01-04 17:44:45.520 [localhost-startStop-1] DEBUG c.e.d.config.DatabaseAutoInitializer - 索引已存在或创建失败: CREATE INDEX idx_doc_code ON documents(document_code) - Duplicate key name 'idx_doc_code'
2026-01-04 17:44:45.521 [localhost-startStop-1] DEBUG c.e.d.config.DatabaseAutoInitializer - 索引已存在或创建失败: CREATE INDEX idx_doc_status ON documents(status) - Duplicate key name 'idx_doc_status'
2026-01-04 17:44:45.523 [localhost-startStop-1] DEBUG c.e.d.config.DatabaseAutoInitializer - 索引已存在或创建失败: CREATE INDEX idx_doc_created_time ON documents(created_time) - Duplicate key name 'idx_doc_created_time'
2026-01-04 17:44:45.524 [localhost-startStop-1] DEBUG c.e.d.config.DatabaseAutoInitializer - 索引已存在或创建失败: CREATE INDEX idx_br_document_code ON borrowing_records(document_code) - Duplicate key name 'idx_br_document_code'
2026-01-04 17:44:45.524 [localhost-startStop-1] DEBUG c.e.d.config.DatabaseAutoInitializer - 索引已存在或创建失败: CREATE INDEX idx_br_user_id ON borrowing_records(user_id) - Duplicate key name 'idx_br_user_id'
2026-01-04 17:44:45.526 [localhost-startStop-1] DEBUG c.e.d.config.DatabaseAutoInitializer - 索引已存在或创建失败: CREATE INDEX idx_br_borrow_time ON borrowing_records(borrow_time) - Duplicate key name 'idx_br_borrow_time'
2026-01-04 17:44:45.527 [localhost-startStop-1] DEBUG c.e.d.config.DatabaseAutoInitializer - 索引已存在或创建失败: CREATE INDEX idx_br_status ON borrowing_records(status) - Duplicate key name 'idx_br_status'
2026-01-04 17:44:45.528 [localhost-startStop-1] DEBUG c.e.d.config.DatabaseAutoInitializer - 约束已存在或创建失败: ALTER TABLE borrowing_records ADD CONSTRAINT fk_borrowing_document FOREIGN KEY (document_code) REFERENCES documents(document_code) ON DELETE RESTRICT ON UPDATE CASCADE - Duplicate foreign key constraint name 'fk_borrowing_document'
2026-01-04 17:44:45.529 [localhost-startStop-1] INFO  c.e.d.config.DatabaseAutoInitializer - 数据库表结构创建完成（部分索引可能已存在）
2026-01-04 17:44:45.552 [localhost-startStop-1] INFO  c.e.d.config.DatabaseAutoInitializer - 检测到已有文档数据 (8 条)，跳过示例数据插入
2026-01-04 17:44:45.552 [localhost-startStop-1] INFO  c.e.d.config.DatabaseAutoInitializer - 数据库自动初始化完成
2026-01-04 17:44:45.554 [localhost-startStop-1] INFO  c.e.d.c.PerformanceMonitoringConfig - Performance monitoring initialized
2026-01-04 17:44:45.637 [localhost-startStop-1] DEBUG o.m.spring.SqlSessionFactoryBean - Parsed configuration file: 'class path resource [mybatis/mybatis-config.xml]'
2026-01-04 17:44:45.680 [localhost-startStop-1] DEBUG o.m.spring.SqlSessionFactoryBean - Parsed mapper file: 'file [D:\debug\Javaee_ssm\target\classes\mybatis\mapper\BorrowingRecordMapper.xml]'
2026-01-04 17:44:45.689 [localhost-startStop-1] DEBUG o.m.spring.SqlSessionFactoryBean - Parsed mapper file: 'file [D:\debug\Javaee_ssm\target\classes\mybatis\mapper\DocumentMapper.xml]'
2026-01-04 17:44:45.728 [localhost-startStop-1] INFO  c.e.d.s.DatabaseInitializationService - 开始数据库初始化检测...
2026-01-04 17:44:45.841 [localhost-startStop-1] INFO  c.e.d.s.DatabaseInitializationService - 检测到历史数据，正在加载...
2026-01-04 17:44:45.842 [localhost-startStop-1] INFO  c.e.d.s.DatabaseInitializationService - 当前数据统计 - 文档数量: 8, 借阅记录数量: 3
2026-01-04 17:44:45.842 [localhost-startStop-1] INFO  c.e.d.s.DatabaseInitializationService - 数据库初始化检测完成
2026-01-04 17:44:45.909 [localhost-startStop-1] INFO  o.s.web.context.ContextLoader - Root WebApplicationContext initialized in 1070 ms
2026-01-04 17:44:45.930 [localhost-startStop-1] INFO  o.s.web.servlet.DispatcherServlet - Initializing Servlet 'dispatcher'
2026-01-04 17:44:46.378 [localhost-startStop-1] INFO  o.s.web.servlet.DispatcherServlet - Completed initialization in 448 ms
2026-01-04 17:45:07.127 [http-bio-8081-exec-9] INFO  c.e.d.controller.DocumentController - 处理查看文档列表请求
2026-01-04 17:45:07.141 [http-bio-8081-exec-9] INFO  c.e.document.service.DocumentService - 查询所有文档列表
2026-01-04 17:45:07.144 [http-bio-8081-exec-9] DEBUG org.mybatis.spring.SqlSessionUtils - Creating a new SqlSession
2026-01-04 17:45:07.147 [http-bio-8081-exec-9] DEBUG org.mybatis.spring.SqlSessionUtils - Registering transaction synchronization for SqlSession [org.apache.ibatis.session.defaults.DefaultSqlSession@79c7611d]
2026-01-04 17:45:07.152 [http-bio-8081-exec-9] DEBUG o.m.s.t.SpringManagedTransaction - JDBC Connection [HikariProxyConnection@237979957 wrapping com.mysql.cj.jdbc.ConnectionImpl@4e13523b] will be managed by Spring
2026-01-04 17:45:07.153 [http-bio-8081-exec-9] DEBUG c.e.d.mapper.DocumentMapper.findAll - ==>  Preparing: SELECT id, document_code, document_name, document_type, status, created_time, updated_time FROM documents ORDER BY document_code ASC
2026-01-04 17:45:07.158 [http-bio-8081-exec-9] DEBUG c.e.d.mapper.DocumentMapper.findAll - ==> Parameters: 
2026-01-04 17:45:07.167 [http-bio-8081-exec-9] DEBUG c.e.d.mapper.DocumentMapper.findAll - <==      Total: 8
2026-01-04 17:45:07.170 [http-bio-8081-exec-9] DEBUG org.mybatis.spring.SqlSessionUtils - Releasing transactional SqlSession [org.apache.ibatis.session.defaults.DefaultSqlSession@79c7611d]
2026-01-04 17:45:07.170 [http-bio-8081-exec-9] INFO  c.e.document.service.DocumentService - 查询到 8 个文档
2026-01-04 17:45:07.170 [http-bio-8081-exec-9] DEBUG org.mybatis.spring.SqlSessionUtils - Transaction synchronization committing SqlSession [org.apache.ibatis.session.defaults.DefaultSqlSession@79c7611d]
2026-01-04 17:45:07.170 [http-bio-8081-exec-9] DEBUG org.mybatis.spring.SqlSessionUtils - Transaction synchronization deregistering SqlSession [org.apache.ibatis.session.defaults.DefaultSqlSession@79c7611d]
2026-01-04 17:45:07.172 [http-bio-8081-exec-9] DEBUG org.mybatis.spring.SqlSessionUtils - Transaction synchronization closing SqlSession [org.apache.ibatis.session.defaults.DefaultSqlSession@79c7611d]
2026-01-04 17:45:07.172 [http-bio-8081-exec-9] INFO  c.e.d.controller.DocumentController - 成功获取文档列表，共 8 个文档
2026-01-04 17:45:16.772 [http-bio-8081-exec-10] INFO  c.e.d.controller.BorrowingController - 处理查看借阅记录请求
2026-01-04 17:45:16.776 [http-bio-8081-exec-10] INFO  c.e.d.service.BorrowingService - 查询所有借阅记录
2026-01-04 17:45:16.776 [http-bio-8081-exec-10] DEBUG org.mybatis.spring.SqlSessionUtils - Creating a new SqlSession
2026-01-04 17:45:16.776 [http-bio-8081-exec-10] DEBUG org.mybatis.spring.SqlSessionUtils - Registering transaction synchronization for SqlSession [org.apache.ibatis.session.defaults.DefaultSqlSession@30399b7f]
2026-01-04 17:45:16.776 [http-bio-8081-exec-10] DEBUG o.m.s.t.SpringManagedTransaction - JDBC Connection [HikariProxyConnection@985788431 wrapping com.mysql.cj.jdbc.ConnectionImpl@4e13523b] will be managed by Spring
2026-01-04 17:45:16.776 [http-bio-8081-exec-10] DEBUG c.e.d.m.B.findAll - ==>  Preparing: SELECT id, document_code, user_id, user_name, borrow_time, return_time, status FROM borrowing_records ORDER BY borrow_time DESC
2026-01-04 17:45:16.776 [http-bio-8081-exec-10] DEBUG c.e.d.m.B.findAll - ==> Parameters: 
2026-01-04 17:45:16.780 [http-bio-8081-exec-10] DEBUG c.e.d.m.B.findAll - <==      Total: 3
2026-01-04 17:45:16.780 [http-bio-8081-exec-10] DEBUG org.mybatis.spring.SqlSessionUtils - Releasing transactional SqlSession [org.apache.ibatis.session.defaults.DefaultSqlSession@30399b7f]
2026-01-04 17:45:16.780 [http-bio-8081-exec-10] INFO  c.e.d.service.BorrowingService - 查询到 3 条借阅记录
2026-01-04 17:45:16.780 [http-bio-8081-exec-10] DEBUG org.mybatis.spring.SqlSessionUtils - Transaction synchronization committing SqlSession [org.apache.ibatis.session.defaults.DefaultSqlSession@30399b7f]
2026-01-04 17:45:16.780 [http-bio-8081-exec-10] DEBUG org.mybatis.spring.SqlSessionUtils - Transaction synchronization deregistering SqlSession [org.apache.ibatis.session.defaults.DefaultSqlSession@30399b7f]
2026-01-04 17:45:16.780 [http-bio-8081-exec-10] DEBUG org.mybatis.spring.SqlSessionUtils - Transaction synchronization closing SqlSession [org.apache.ibatis.session.defaults.DefaultSqlSession@30399b7f]
2026-01-04 17:45:16.781 [http-bio-8081-exec-10] INFO  c.e.d.controller.BorrowingController - 成功获取借阅记录，共 3 条记录
2026-01-04 17:48:19.988 [http-bio-8081-exec-7] INFO  c.e.d.controller.BorrowingController - 显示文档借阅表单
2026-01-04 17:48:19.990 [http-bio-8081-exec-7] INFO  c.e.document.service.DocumentService - 查询所有文档列表
2026-01-04 17:48:19.990 [http-bio-8081-exec-7] DEBUG org.mybatis.spring.SqlSessionUtils - Creating a new SqlSession
2026-01-04 17:48:19.990 [http-bio-8081-exec-7] DEBUG org.mybatis.spring.SqlSessionUtils - Registering transaction synchronization for SqlSession [org.apache.ibatis.session.defaults.DefaultSqlSession@5af4e9d1]
2026-01-04 17:48:19.991 [http-bio-8081-exec-7] DEBUG o.m.s.t.SpringManagedTransaction - JDBC Connection [HikariProxyConnection@727448638 wrapping com.mysql.cj.jdbc.ConnectionImpl@4e13523b] will be managed by Spring
2026-01-04 17:48:19.991 [http-bio-8081-exec-7] DEBUG c.e.d.mapper.DocumentMapper.findAll - ==>  Preparing: SELECT id, document_code, document_name, document_type, status, created_time, updated_time FROM documents ORDER BY document_code ASC
2026-01-04 17:48:19.991 [http-bio-8081-exec-7] DEBUG c.e.d.mapper.DocumentMapper.findAll - ==> Parameters: 
2026-01-04 17:48:19.996 [http-bio-8081-exec-7] DEBUG c.e.d.mapper.DocumentMapper.findAll - <==      Total: 8
2026-01-04 17:48:19.996 [http-bio-8081-exec-7] DEBUG org.mybatis.spring.SqlSessionUtils - Releasing transactional SqlSession [org.apache.ibatis.session.defaults.DefaultSqlSession@5af4e9d1]
2026-01-04 17:48:19.996 [http-bio-8081-exec-7] INFO  c.e.document.service.DocumentService - 查询到 8 个文档
2026-01-04 17:48:19.996 [http-bio-8081-exec-7] DEBUG org.mybatis.spring.SqlSessionUtils - Transaction synchronization committing SqlSession [org.apache.ibatis.session.defaults.DefaultSqlSession@5af4e9d1]
2026-01-04 17:48:19.996 [http-bio-8081-exec-7] DEBUG org.mybatis.spring.SqlSessionUtils - Transaction synchronization deregistering SqlSession [org.apache.ibatis.session.defaults.DefaultSqlSession@5af4e9d1]
2026-01-04 17:48:19.996 [http-bio-8081-exec-7] DEBUG org.mybatis.spring.SqlSessionUtils - Transaction synchronization closing SqlSession [org.apache.ibatis.session.defaults.DefaultSqlSession@5af4e9d1]
2026-01-04 17:48:34.226 [http-bio-8081-exec-7] INFO  c.e.d.controller.DocumentController - 处理查看文档列表请求
2026-01-04 17:48:34.229 [http-bio-8081-exec-7] INFO  c.e.document.service.DocumentService - 查询所有文档列表
2026-01-04 17:48:34.229 [http-bio-8081-exec-7] DEBUG org.mybatis.spring.SqlSessionUtils - Creating a new SqlSession
2026-01-04 17:48:34.230 [http-bio-8081-exec-7] DEBUG org.mybatis.spring.SqlSessionUtils - Registering transaction synchronization for SqlSession [org.apache.ibatis.session.defaults.DefaultSqlSession@595c130c]
2026-01-04 17:48:34.230 [http-bio-8081-exec-7] DEBUG o.m.s.t.SpringManagedTransaction - JDBC Connection [HikariProxyConnection@1495043729 wrapping com.mysql.cj.jdbc.ConnectionImpl@4e13523b] will be managed by Spring
2026-01-04 17:48:34.230 [http-bio-8081-exec-7] DEBUG c.e.d.mapper.DocumentMapper.findAll - ==>  Preparing: SELECT id, document_code, document_name, document_type, status, created_time, updated_time FROM documents ORDER BY document_code ASC
2026-01-04 17:48:34.230 [http-bio-8081-exec-7] DEBUG c.e.d.mapper.DocumentMapper.findAll - ==> Parameters: 
2026-01-04 17:48:34.231 [http-bio-8081-exec-7] DEBUG c.e.d.mapper.DocumentMapper.findAll - <==      Total: 8
2026-01-04 17:48:34.231 [http-bio-8081-exec-7] DEBUG org.mybatis.spring.SqlSessionUtils - Releasing transactional SqlSession [org.apache.ibatis.session.defaults.DefaultSqlSession@595c130c]
2026-01-04 17:48:34.231 [http-bio-8081-exec-7] INFO  c.e.document.service.DocumentService - 查询到 8 个文档
2026-01-04 17:48:34.231 [http-bio-8081-exec-7] DEBUG org.mybatis.spring.SqlSessionUtils - Transaction synchronization committing SqlSession [org.apache.ibatis.session.defaults.DefaultSqlSession@595c130c]
2026-01-04 17:48:34.231 [http-bio-8081-exec-7] DEBUG org.mybatis.spring.SqlSessionUtils - Transaction synchronization deregistering SqlSession [org.apache.ibatis.session.defaults.DefaultSqlSession@595c130c]
2026-01-04 17:48:34.231 [http-bio-8081-exec-7] DEBUG org.mybatis.spring.SqlSessionUtils - Transaction synchronization closing SqlSession [org.apache.ibatis.session.defaults.DefaultSqlSession@595c130c]
2026-01-04 17:48:34.233 [http-bio-8081-exec-7] INFO  c.e.d.controller.DocumentController - 成功获取文档列表，共 8 个文档
2026-01-04 17:48:36.366 [http-bio-8081-exec-7] INFO  c.e.d.controller.DocumentController - 显示添加文档表单
2026-01-04 17:49:14.546 [localhost-startStop-1] INFO  o.s.web.context.ContextLoader - Root WebApplicationContext: initialization started
2026-01-04 17:49:14.857 [localhost-startStop-1] DEBUG o.m.s.mapper.ClassPathMapperScanner - Identified candidate component class: file [D:\debug\Javaee_ssm\target\classes\com\enterprise\document\mapper\BorrowingRecordMapper.class]
2026-01-04 17:49:14.858 [localhost-startStop-1] DEBUG o.m.s.mapper.ClassPathMapperScanner - Identified candidate component class: file [D:\debug\Javaee_ssm\target\classes\com\enterprise\document\mapper\DocumentMapper.class]
2026-01-04 17:49:14.860 [localhost-startStop-1] DEBUG o.m.s.mapper.ClassPathMapperScanner - Creating MapperFactoryBean with name 'borrowingRecordMapper' and 'com.enterprise.document.mapper.BorrowingRecordMapper' mapperInterface
2026-01-04 17:49:14.863 [localhost-startStop-1] DEBUG o.m.s.mapper.ClassPathMapperScanner - Creating MapperFactoryBean with name 'documentMapper' and 'com.enterprise.document.mapper.DocumentMapper' mapperInterface
2026-01-04 17:49:15.034 [localhost-startStop-1] INFO  c.e.d.config.DatabaseAutoInitializer - 开始数据库自动初始化...
2026-01-04 17:49:15.034 [localhost-startStop-1] INFO  c.e.d.config.DatabaseAutoInitializer - 执行数据库表结构创建脚本: classpath:sql/schema.sql
2026-01-04 17:49:15.036 [localhost-startStop-1] INFO  com.zaxxer.hikari.HikariDataSource - HikariPool-1 - Starting...
2026-01-04 17:49:15.160 [localhost-startStop-1] INFO  com.zaxxer.hikari.HikariDataSource - HikariPool-1 - Start completed.
2026-01-04 17:49:15.192 [localhost-startStop-1] WARN  c.e.d.config.DatabaseAutoInitializer - 索引或约束已存在，继续执行: Failed to execute SQL script statement #2 of class path resource [sql/schema.sql]: CREATE INDEX idx_doc_code ON documents(document_code); nested exception is java.sql.SQLSyntaxErrorException: Duplicate key name 'idx_doc_code'
2026-01-04 17:49:15.197 [localhost-startStop-1] DEBUG c.e.d.config.DatabaseAutoInitializer - 执行成功: CREATE TABLE IF NOT EXISTS documents (id BIGINT PR...
2026-01-04 17:49:15.200 [localhost-startStop-1] DEBUG c.e.d.config.DatabaseAutoInitializer - 执行成功: CREATE TABLE IF NOT EXISTS borrowing_records (id B...
2026-01-04 17:49:15.202 [localhost-startStop-1] DEBUG c.e.d.config.DatabaseAutoInitializer - 索引已存在或创建失败: CREATE INDEX idx_doc_code ON documents(document_code) - Duplicate key name 'idx_doc_code'
2026-01-04 17:49:15.203 [localhost-startStop-1] DEBUG c.e.d.config.DatabaseAutoInitializer - 索引已存在或创建失败: CREATE INDEX idx_doc_status ON documents(status) - Duplicate key name 'idx_doc_status'
2026-01-04 17:49:15.203 [localhost-startStop-1] DEBUG c.e.d.config.DatabaseAutoInitializer - 索引已存在或创建失败: CREATE INDEX idx_doc_created_time ON documents(created_time) - Duplicate key name 'idx_doc_created_time'
2026-01-04 17:49:15.205 [localhost-startStop-1] DEBUG c.e.d.config.DatabaseAutoInitializer - 索引已存在或创建失败: CREATE INDEX idx_br_document_code ON borrowing_records(document_code) - Duplicate key name 'idx_br_document_code'
2026-01-04 17:49:15.205 [localhost-startStop-1] DEBUG c.e.d.config.DatabaseAutoInitializer - 索引已存在或创建失败: CREATE INDEX idx_br_user_id ON borrowing_records(user_id) - Duplicate key name 'idx_br_user_id'
2026-01-04 17:49:15.207 [localhost-startStop-1] DEBUG c.e.d.config.DatabaseAutoInitializer - 索引已存在或创建失败: CREATE INDEX idx_br_borrow_time ON borrowing_records(borrow_time) - Duplicate key name 'idx_br_borrow_time'
2026-01-04 17:49:15.208 [localhost-startStop-1] DEBUG c.e.d.config.DatabaseAutoInitializer - 索引已存在或创建失败: CREATE INDEX idx_br_status ON borrowing_records(status) - Duplicate key name 'idx_br_status'
2026-01-04 17:49:15.208 [localhost-startStop-1] DEBUG c.e.d.config.DatabaseAutoInitializer - 约束已存在或创建失败: ALTER TABLE borrowing_records ADD CONSTRAINT fk_borrowing_document FOREIGN KEY (document_code) REFERENCES documents(document_code) ON DELETE RESTRICT ON UPDATE CASCADE - Duplicate foreign key constraint name 'fk_borrowing_document'
2026-01-04 17:49:15.210 [localhost-startStop-1] INFO  c.e.d.config.DatabaseAutoInitializer - 数据库表结构创建完成（部分索引可能已存在）
2026-01-04 17:49:15.235 [localhost-startStop-1] INFO  c.e.d.config.DatabaseAutoInitializer - 检测到已有文档数据 (8 条)，跳过示例数据插入
2026-01-04 17:49:15.235 [localhost-startStop-1] INFO  c.e.d.config.DatabaseAutoInitializer - 数据库自动初始化完成
2026-01-04 17:49:15.237 [localhost-startStop-1] INFO  c.e.d.c.PerformanceMonitoringConfig - Performance monitoring initialized
2026-01-04 17:49:15.328 [localhost-startStop-1] DEBUG o.m.spring.SqlSessionFactoryBean - Parsed configuration file: 'class path resource [mybatis/mybatis-config.xml]'
2026-01-04 17:49:15.369 [localhost-startStop-1] DEBUG o.m.spring.SqlSessionFactoryBean - Parsed mapper file: 'file [D:\debug\Javaee_ssm\target\classes\mybatis\mapper\BorrowingRecordMapper.xml]'
2026-01-04 17:49:15.376 [localhost-startStop-1] DEBUG o.m.spring.SqlSessionFactoryBean - Parsed mapper file: 'file [D:\debug\Javaee_ssm\target\classes\mybatis\mapper\DocumentMapper.xml]'
2026-01-04 17:49:15.421 [localhost-startStop-1] INFO  c.e.d.s.DatabaseInitializationService - 开始数据库初始化检测...
2026-01-04 17:49:15.530 [localhost-startStop-1] INFO  c.e.d.s.DatabaseInitializationService - 检测到历史数据，正在加载...
2026-01-04 17:49:15.530 [localhost-startStop-1] INFO  c.e.d.s.DatabaseInitializationService - 当前数据统计 - 文档数量: 8, 借阅记录数量: 3
2026-01-04 17:49:15.532 [localhost-startStop-1] INFO  c.e.d.s.DatabaseInitializationService - 数据库初始化检测完成
2026-01-04 17:49:15.607 [localhost-startStop-1] INFO  o.s.web.context.ContextLoader - Root WebApplicationContext initialized in 1059 ms
2026-01-04 17:49:15.626 [localhost-startStop-1] INFO  o.s.web.servlet.DispatcherServlet - Initializing Servlet 'dispatcher'
2026-01-04 17:49:16.055 [localhost-startStop-1] INFO  o.s.web.servlet.DispatcherServlet - Completed initialization in 429 ms
2026-01-04 17:49:21.588 [http-bio-8081-exec-7] INFO  c.e.d.controller.DocumentController - 处理查看文档列表请求
2026-01-04 17:49:21.602 [http-bio-8081-exec-7] INFO  c.e.document.service.DocumentService - 查询所有文档列表
2026-01-04 17:49:21.607 [http-bio-8081-exec-7] DEBUG org.mybatis.spring.SqlSessionUtils - Creating a new SqlSession
2026-01-04 17:49:21.610 [http-bio-8081-exec-7] DEBUG org.mybatis.spring.SqlSessionUtils - Registering transaction synchronization for SqlSession [org.apache.ibatis.session.defaults.DefaultSqlSession@6edb9645]
2026-01-04 17:49:21.614 [http-bio-8081-exec-7] DEBUG o.m.s.t.SpringManagedTransaction - JDBC Connection [HikariProxyConnection@45488709 wrapping com.mysql.cj.jdbc.ConnectionImpl@15e1f52b] will be managed by Spring
2026-01-04 17:49:21.617 [http-bio-8081-exec-7] DEBUG c.e.d.mapper.DocumentMapper.findAll - ==>  Preparing: SELECT id, document_code, document_name, document_type, status, created_time, updated_time FROM documents ORDER BY document_code ASC
2026-01-04 17:49:21.621 [http-bio-8081-exec-7] DEBUG c.e.d.mapper.DocumentMapper.findAll - ==> Parameters: 
2026-01-04 17:49:21.631 [http-bio-8081-exec-7] DEBUG c.e.d.mapper.DocumentMapper.findAll - <==      Total: 8
2026-01-04 17:49:21.636 [http-bio-8081-exec-7] DEBUG org.mybatis.spring.SqlSessionUtils - Releasing transactional SqlSession [org.apache.ibatis.session.defaults.DefaultSqlSession@6edb9645]
2026-01-04 17:49:21.636 [http-bio-8081-exec-7] INFO  c.e.document.service.DocumentService - 查询到 8 个文档
2026-01-04 17:49:21.636 [http-bio-8081-exec-7] DEBUG org.mybatis.spring.SqlSessionUtils - Transaction synchronization committing SqlSession [org.apache.ibatis.session.defaults.DefaultSqlSession@6edb9645]
2026-01-04 17:49:21.637 [http-bio-8081-exec-7] DEBUG org.mybatis.spring.SqlSessionUtils - Transaction synchronization deregistering SqlSession [org.apache.ibatis.session.defaults.DefaultSqlSession@6edb9645]
2026-01-04 17:49:21.637 [http-bio-8081-exec-7] DEBUG org.mybatis.spring.SqlSessionUtils - Transaction synchronization closing SqlSession [org.apache.ibatis.session.defaults.DefaultSqlSession@6edb9645]
2026-01-04 17:49:21.639 [http-bio-8081-exec-7] INFO  c.e.d.controller.DocumentController - 成功获取文档列表，共 8 个文档
2026-01-04 17:49:28.513 [http-bio-8081-exec-10] INFO  c.e.d.controller.DocumentController - 处理文档管理页面请求
2026-01-04 17:49:28.514 [http-bio-8081-exec-10] INFO  c.e.document.service.DocumentService - 查询所有文档列表
2026-01-04 17:49:28.514 [http-bio-8081-exec-10] DEBUG org.mybatis.spring.SqlSessionUtils - Creating a new SqlSession
2026-01-04 17:49:28.514 [http-bio-8081-exec-10] DEBUG org.mybatis.spring.SqlSessionUtils - Registering transaction synchronization for SqlSession [org.apache.ibatis.session.defaults.DefaultSqlSession@134fdd1d]
2026-01-04 17:49:28.514 [http-bio-8081-exec-10] DEBUG o.m.s.t.SpringManagedTransaction - JDBC Connection [HikariProxyConnection@1383257894 wrapping com.mysql.cj.jdbc.ConnectionImpl@15e1f52b] will be managed by Spring
2026-01-04 17:49:28.515 [http-bio-8081-exec-10] DEBUG c.e.d.mapper.DocumentMapper.findAll - ==>  Preparing: SELECT id, document_code, document_name, document_type, status, created_time, updated_time FROM documents ORDER BY document_code ASC
2026-01-04 17:49:28.515 [http-bio-8081-exec-10] DEBUG c.e.d.mapper.DocumentMapper.findAll - ==> Parameters: 
2026-01-04 17:49:28.518 [http-bio-8081-exec-10] DEBUG c.e.d.mapper.DocumentMapper.findAll - <==      Total: 8
2026-01-04 17:49:28.519 [http-bio-8081-exec-10] DEBUG org.mybatis.spring.SqlSessionUtils - Releasing transactional SqlSession [org.apache.ibatis.session.defaults.DefaultSqlSession@134fdd1d]
2026-01-04 17:49:28.519 [http-bio-8081-exec-10] INFO  c.e.document.service.DocumentService - 查询到 8 个文档
2026-01-04 17:49:28.519 [http-bio-8081-exec-10] DEBUG org.mybatis.spring.SqlSessionUtils - Transaction synchronization committing SqlSession [org.apache.ibatis.session.defaults.DefaultSqlSession@134fdd1d]
2026-01-04 17:49:28.519 [http-bio-8081-exec-10] DEBUG org.mybatis.spring.SqlSessionUtils - Transaction synchronization deregistering SqlSession [org.apache.ibatis.session.defaults.DefaultSqlSession@134fdd1d]
2026-01-04 17:49:28.519 [http-bio-8081-exec-10] DEBUG org.mybatis.spring.SqlSessionUtils - Transaction synchronization closing SqlSession [org.apache.ibatis.session.defaults.DefaultSqlSession@134fdd1d]
2026-01-04 17:49:38.091 [http-bio-8081-exec-4] INFO  c.e.d.controller.BorrowingController - 显示借阅管理主页面
2026-01-04 17:49:38.093 [http-bio-8081-exec-4] INFO  c.e.document.service.DocumentService - 查询所有文档列表
2026-01-04 17:49:38.093 [http-bio-8081-exec-4] DEBUG org.mybatis.spring.SqlSessionUtils - Creating a new SqlSession
2026-01-04 17:49:38.093 [http-bio-8081-exec-4] DEBUG org.mybatis.spring.SqlSessionUtils - Registering transaction synchronization for SqlSession [org.apache.ibatis.session.defaults.DefaultSqlSession@621d8971]
2026-01-04 17:49:38.093 [http-bio-8081-exec-4] DEBUG o.m.s.t.SpringManagedTransaction - JDBC Connection [HikariProxyConnection@710701898 wrapping com.mysql.cj.jdbc.ConnectionImpl@15e1f52b] will be managed by Spring
2026-01-04 17:49:38.093 [http-bio-8081-exec-4] DEBUG c.e.d.mapper.DocumentMapper.findAll - ==>  Preparing: SELECT id, document_code, document_name, document_type, status, created_time, updated_time FROM documents ORDER BY document_code ASC
2026-01-04 17:49:38.094 [http-bio-8081-exec-4] DEBUG c.e.d.mapper.DocumentMapper.findAll - ==> Parameters: 
2026-01-04 17:49:38.097 [http-bio-8081-exec-4] DEBUG c.e.d.mapper.DocumentMapper.findAll - <==      Total: 8
2026-01-04 17:49:38.097 [http-bio-8081-exec-4] DEBUG org.mybatis.spring.SqlSessionUtils - Releasing transactional SqlSession [org.apache.ibatis.session.defaults.DefaultSqlSession@621d8971]
2026-01-04 17:49:38.097 [http-bio-8081-exec-4] INFO  c.e.document.service.DocumentService - 查询到 8 个文档
2026-01-04 17:49:38.097 [http-bio-8081-exec-4] DEBUG org.mybatis.spring.SqlSessionUtils - Transaction synchronization committing SqlSession [org.apache.ibatis.session.defaults.DefaultSqlSession@621d8971]
2026-01-04 17:49:38.097 [http-bio-8081-exec-4] DEBUG org.mybatis.spring.SqlSessionUtils - Transaction synchronization deregistering SqlSession [org.apache.ibatis.session.defaults.DefaultSqlSession@621d8971]
2026-01-04 17:49:38.097 [http-bio-8081-exec-4] DEBUG org.mybatis.spring.SqlSessionUtils - Transaction synchronization closing SqlSession [org.apache.ibatis.session.defaults.DefaultSqlSession@621d8971]
2026-01-04 17:49:50.328 [http-bio-8081-exec-4] INFO  c.e.d.controller.BorrowingController - 显示文档借阅表单
2026-01-04 17:49:50.328 [http-bio-8081-exec-4] INFO  c.e.document.service.DocumentService - 查询所有文档列表
2026-01-04 17:49:50.328 [http-bio-8081-exec-4] DEBUG org.mybatis.spring.SqlSessionUtils - Creating a new SqlSession
2026-01-04 17:49:50.328 [http-bio-8081-exec-4] DEBUG org.mybatis.spring.SqlSessionUtils - Registering transaction synchronization for SqlSession [org.apache.ibatis.session.defaults.DefaultSqlSession@5acd0666]
2026-01-04 17:49:50.328 [http-bio-8081-exec-4] DEBUG o.m.s.t.SpringManagedTransaction - JDBC Connection [HikariProxyConnection@1242239155 wrapping com.mysql.cj.jdbc.ConnectionImpl@15e1f52b] will be managed by Spring
2026-01-04 17:49:50.328 [http-bio-8081-exec-4] DEBUG c.e.d.mapper.DocumentMapper.findAll - ==>  Preparing: SELECT id, document_code, document_name, document_type, status, created_time, updated_time FROM documents ORDER BY document_code ASC
2026-01-04 17:49:50.328 [http-bio-8081-exec-4] DEBUG c.e.d.mapper.DocumentMapper.findAll - ==> Parameters: 
2026-01-04 17:49:50.332 [http-bio-8081-exec-4] DEBUG c.e.d.mapper.DocumentMapper.findAll - <==      Total: 8
2026-01-04 17:49:50.333 [http-bio-8081-exec-4] DEBUG org.mybatis.spring.SqlSessionUtils - Releasing transactional SqlSession [org.apache.ibatis.session.defaults.DefaultSqlSession@5acd0666]
2026-01-04 17:49:50.333 [http-bio-8081-exec-4] INFO  c.e.document.service.DocumentService - 查询到 8 个文档
2026-01-04 17:49:50.333 [http-bio-8081-exec-4] DEBUG org.mybatis.spring.SqlSessionUtils - Transaction synchronization committing SqlSession [org.apache.ibatis.session.defaults.DefaultSqlSession@5acd0666]
2026-01-04 17:49:50.333 [http-bio-8081-exec-4] DEBUG org.mybatis.spring.SqlSessionUtils - Transaction synchronization deregistering SqlSession [org.apache.ibatis.session.defaults.DefaultSqlSession@5acd0666]
2026-01-04 17:49:50.333 [http-bio-8081-exec-4] DEBUG org.mybatis.spring.SqlSessionUtils - Transaction synchronization closing SqlSession [org.apache.ibatis.session.defaults.DefaultSqlSession@5acd0666]
2026-01-04 17:49:59.192 [http-bio-8081-exec-4] INFO  c.e.d.controller.BorrowingController - 处理文档借阅请求: 编号=DOC001, 用户=san(1)
2026-01-04 17:49:59.198 [http-bio-8081-exec-4] INFO  c.e.d.service.BorrowingService - 借阅文档: 编号=DOC001, 用户=san(1)
2026-01-04 17:49:59.199 [http-bio-8081-exec-4] DEBUG org.mybatis.spring.SqlSessionUtils - Creating a new SqlSession
2026-01-04 17:49:59.199 [http-bio-8081-exec-4] DEBUG org.mybatis.spring.SqlSessionUtils - Registering transaction synchronization for SqlSession [org.apache.ibatis.session.defaults.DefaultSqlSession@7f143ffa]
2026-01-04 17:49:59.199 [http-bio-8081-exec-4] DEBUG o.m.s.t.SpringManagedTransaction - JDBC Connection [HikariProxyConnection@2036120207 wrapping com.mysql.cj.jdbc.ConnectionImpl@15e1f52b] will be managed by Spring
2026-01-04 17:49:59.199 [http-bio-8081-exec-4] DEBUG c.e.d.m.DocumentMapper.findByCode - ==>  Preparing: SELECT id, document_code, document_name, document_type, status, created_time, updated_time FROM documents WHERE document_code = ?
2026-01-04 17:49:59.200 [http-bio-8081-exec-4] DEBUG c.e.d.m.DocumentMapper.findByCode - ==> Parameters: DOC001(String)
2026-01-04 17:49:59.202 [http-bio-8081-exec-4] DEBUG c.e.d.m.DocumentMapper.findByCode - <==      Total: 1
2026-01-04 17:49:59.202 [http-bio-8081-exec-4] DEBUG org.mybatis.spring.SqlSessionUtils - Releasing transactional SqlSession [org.apache.ibatis.session.defaults.DefaultSqlSession@7f143ffa]
2026-01-04 17:49:59.202 [http-bio-8081-exec-4] DEBUG org.mybatis.spring.SqlSessionUtils - Fetched SqlSession [org.apache.ibatis.session.defaults.DefaultSqlSession@7f143ffa] from current transaction
2026-01-04 17:49:59.202 [http-bio-8081-exec-4] DEBUG c.e.d.mapper.DocumentMapper.update - ==>  Preparing: UPDATE documents SET document_name = ?, document_type = ?, status = ? WHERE document_code = ?
2026-01-04 17:49:59.203 [http-bio-8081-exec-4] DEBUG c.e.d.mapper.DocumentMapper.update - ==> Parameters: 企业管理制度汇编(String), 管理制度(String), 已借出(String), DOC001(String)
2026-01-04 17:49:59.203 [http-bio-8081-exec-4] DEBUG c.e.d.mapper.DocumentMapper.update - <==    Updates: 1
2026-01-04 17:49:59.203 [http-bio-8081-exec-4] DEBUG org.mybatis.spring.SqlSessionUtils - Releasing transactional SqlSession [org.apache.ibatis.session.defaults.DefaultSqlSession@7f143ffa]
2026-01-04 17:49:59.205 [http-bio-8081-exec-4] DEBUG org.mybatis.spring.SqlSessionUtils - Fetched SqlSession [org.apache.ibatis.session.defaults.DefaultSqlSession@7f143ffa] from current transaction
2026-01-04 17:49:59.205 [http-bio-8081-exec-4] DEBUG c.e.d.m.BorrowingRecordMapper.insert - ==>  Preparing: INSERT INTO borrowing_records (document_code, user_id, user_name, status) VALUES (?, ?, ?, ?)
2026-01-04 17:49:59.205 [http-bio-8081-exec-4] DEBUG c.e.d.m.BorrowingRecordMapper.insert - ==> Parameters: DOC001(String), 1(String), san(String), 借阅中(String)
2026-01-04 17:49:59.205 [http-bio-8081-exec-4] DEBUG c.e.d.m.BorrowingRecordMapper.insert - <==    Updates: 1
2026-01-04 17:49:59.208 [http-bio-8081-exec-4] DEBUG org.mybatis.spring.SqlSessionUtils - Releasing transactional SqlSession [org.apache.ibatis.session.defaults.DefaultSqlSession@7f143ffa]
2026-01-04 17:49:59.208 [http-bio-8081-exec-4] INFO  c.e.d.service.BorrowingService - 文档借阅成功: BorrowingRecord{id=7, documentCode='DOC001', userId='1', userName='san', borrowTime=2026-01-04 17:49:59.203, returnTime=null, status='借阅中'}
2026-01-04 17:49:59.208 [http-bio-8081-exec-4] DEBUG org.mybatis.spring.SqlSessionUtils - Transaction synchronization committing SqlSession [org.apache.ibatis.session.defaults.DefaultSqlSession@7f143ffa]
2026-01-04 17:49:59.208 [http-bio-8081-exec-4] DEBUG org.mybatis.spring.SqlSessionUtils - Transaction synchronization deregistering SqlSession [org.apache.ibatis.session.defaults.DefaultSqlSession@7f143ffa]
2026-01-04 17:49:59.208 [http-bio-8081-exec-4] DEBUG org.mybatis.spring.SqlSessionUtils - Transaction synchronization closing SqlSession [org.apache.ibatis.session.defaults.DefaultSqlSession@7f143ffa]
2026-01-04 17:49:59.213 [http-bio-8081-exec-4] INFO  c.e.d.controller.BorrowingController - 文档借阅成功: BorrowingRecord{id=7, documentCode='DOC001', userId='1', userName='san', borrowTime=2026-01-04 17:49:59.203, returnTime=null, status='借阅中'}
2026-01-04 17:49:59.224 [http-bio-8081-exec-4] INFO  c.e.d.controller.BorrowingController - 显示借阅管理主页面
2026-01-04 17:49:59.224 [http-bio-8081-exec-4] INFO  c.e.document.service.DocumentService - 查询所有文档列表
2026-01-04 17:49:59.224 [http-bio-8081-exec-4] DEBUG org.mybatis.spring.SqlSessionUtils - Creating a new SqlSession
2026-01-04 17:49:59.224 [http-bio-8081-exec-4] DEBUG org.mybatis.spring.SqlSessionUtils - Registering transaction synchronization for SqlSession [org.apache.ibatis.session.defaults.DefaultSqlSession@58e94911]
2026-01-04 17:49:59.224 [http-bio-8081-exec-4] DEBUG o.m.s.t.SpringManagedTransaction - JDBC Connection [HikariProxyConnection@564326747 wrapping com.mysql.cj.jdbc.ConnectionImpl@15e1f52b] will be managed by Spring
2026-01-04 17:49:59.224 [http-bio-8081-exec-4] DEBUG c.e.d.mapper.DocumentMapper.findAll - ==>  Preparing: SELECT id, document_code, document_name, document_type, status, created_time, updated_time FROM documents ORDER BY document_code ASC
2026-01-04 17:49:59.225 [http-bio-8081-exec-4] DEBUG c.e.d.mapper.DocumentMapper.findAll - ==> Parameters: 
2026-01-04 17:49:59.226 [http-bio-8081-exec-4] DEBUG c.e.d.mapper.DocumentMapper.findAll - <==      Total: 8
2026-01-04 17:49:59.227 [http-bio-8081-exec-4] DEBUG org.mybatis.spring.SqlSessionUtils - Releasing transactional SqlSession [org.apache.ibatis.session.defaults.DefaultSqlSession@58e94911]
2026-01-04 17:49:59.227 [http-bio-8081-exec-4] INFO  c.e.document.service.DocumentService - 查询到 8 个文档
2026-01-04 17:49:59.227 [http-bio-8081-exec-4] DEBUG org.mybatis.spring.SqlSessionUtils - Transaction synchronization committing SqlSession [org.apache.ibatis.session.defaults.DefaultSqlSession@58e94911]
2026-01-04 17:49:59.227 [http-bio-8081-exec-4] DEBUG org.mybatis.spring.SqlSessionUtils - Transaction synchronization deregistering SqlSession [org.apache.ibatis.session.defaults.DefaultSqlSession@58e94911]
2026-01-04 17:49:59.227 [http-bio-8081-exec-4] DEBUG org.mybatis.spring.SqlSessionUtils - Transaction synchronization closing SqlSession [org.apache.ibatis.session.defaults.DefaultSqlSession@58e94911]
2026-01-04 17:50:08.153 [http-bio-8081-exec-4] INFO  c.e.d.controller.BorrowingController - 显示文档归还表单
2026-01-04 17:50:08.153 [http-bio-8081-exec-4] DEBUG c.e.d.service.BorrowingService - 查询未归还的借阅记录
2026-01-04 17:50:08.155 [http-bio-8081-exec-4] DEBUG org.mybatis.spring.SqlSessionUtils - Creating a new SqlSession
2026-01-04 17:50:08.155 [http-bio-8081-exec-4] DEBUG org.mybatis.spring.SqlSessionUtils - Registering transaction synchronization for SqlSession [org.apache.ibatis.session.defaults.DefaultSqlSession@1ea510e]
2026-01-04 17:50:08.155 [http-bio-8081-exec-4] DEBUG o.m.s.t.SpringManagedTransaction - JDBC Connection [HikariProxyConnection@782148053 wrapping com.mysql.cj.jdbc.ConnectionImpl@15e1f52b] will be managed by Spring
2026-01-04 17:50:08.155 [http-bio-8081-exec-4] DEBUG c.e.d.m.B.findByStatus - ==>  Preparing: SELECT id, document_code, user_id, user_name, borrow_time, return_time, status FROM borrowing_records WHERE status = ? ORDER BY borrow_time DESC
2026-01-04 17:50:08.155 [http-bio-8081-exec-4] DEBUG c.e.d.m.B.findByStatus - ==> Parameters: 借阅中(String)
2026-01-04 17:50:08.158 [http-bio-8081-exec-4] DEBUG c.e.d.m.B.findByStatus - <==      Total: 2
2026-01-04 17:50:08.158 [http-bio-8081-exec-4] DEBUG org.mybatis.spring.SqlSessionUtils - Releasing transactional SqlSession [org.apache.ibatis.session.defaults.DefaultSqlSession@1ea510e]
2026-01-04 17:50:08.158 [http-bio-8081-exec-4] DEBUG org.mybatis.spring.SqlSessionUtils - Transaction synchronization committing SqlSession [org.apache.ibatis.session.defaults.DefaultSqlSession@1ea510e]
2026-01-04 17:50:08.158 [http-bio-8081-exec-4] DEBUG org.mybatis.spring.SqlSessionUtils - Transaction synchronization deregistering SqlSession [org.apache.ibatis.session.defaults.DefaultSqlSession@1ea510e]
2026-01-04 17:50:08.158 [http-bio-8081-exec-4] DEBUG org.mybatis.spring.SqlSessionUtils - Transaction synchronization closing SqlSession [org.apache.ibatis.session.defaults.DefaultSqlSession@1ea510e]
2026-01-04 17:50:15.482 [http-bio-8081-exec-4] INFO  c.e.d.controller.BorrowingController - 处理文档归还请求: 编号=1, 用户=san(1)
2026-01-04 17:50:15.483 [http-bio-8081-exec-4] INFO  c.e.d.service.BorrowingService - 归还文档: 编号=1, 用户=san(1)
2026-01-04 17:50:15.483 [http-bio-8081-exec-4] DEBUG org.mybatis.spring.SqlSessionUtils - Creating a new SqlSession
2026-01-04 17:50:15.483 [http-bio-8081-exec-4] DEBUG org.mybatis.spring.SqlSessionUtils - Registering transaction synchronization for SqlSession [org.apache.ibatis.session.defaults.DefaultSqlSession@53ecc7e7]
2026-01-04 17:50:15.483 [http-bio-8081-exec-4] DEBUG o.m.s.t.SpringManagedTransaction - JDBC Connection [HikariProxyConnection@1745762661 wrapping com.mysql.cj.jdbc.ConnectionImpl@15e1f52b] will be managed by Spring
2026-01-04 17:50:15.483 [http-bio-8081-exec-4] DEBUG c.e.d.m.B.findActiveBorrowingRecord - ==>  Preparing: SELECT id, document_code, user_id, user_name, borrow_time, return_time, status FROM borrowing_records WHERE document_code = ? AND user_id = ? AND user_name = ? AND status = '借阅中' ORDER BY borrow_time DESC LIMIT 1
2026-01-04 17:50:15.483 [http-bio-8081-exec-4] DEBUG c.e.d.m.B.findActiveBorrowingRecord - ==> Parameters: 1(String), 1(String), san(String)
2026-01-04 17:50:15.485 [http-bio-8081-exec-4] DEBUG c.e.d.m.B.findActiveBorrowingRecord - <==      Total: 0
2026-01-04 17:50:15.485 [http-bio-8081-exec-4] DEBUG org.mybatis.spring.SqlSessionUtils - Releasing transactional SqlSession [org.apache.ibatis.session.defaults.DefaultSqlSession@53ecc7e7]
2026-01-04 17:50:15.485 [http-bio-8081-exec-4] DEBUG org.mybatis.spring.SqlSessionUtils - Transaction synchronization committing SqlSession [org.apache.ibatis.session.defaults.DefaultSqlSession@53ecc7e7]
2026-01-04 17:50:15.485 [http-bio-8081-exec-4] DEBUG org.mybatis.spring.SqlSessionUtils - Transaction synchronization deregistering SqlSession [org.apache.ibatis.session.defaults.DefaultSqlSession@53ecc7e7]
2026-01-04 17:50:15.486 [http-bio-8081-exec-4] DEBUG org.mybatis.spring.SqlSessionUtils - Transaction synchronization closing SqlSession [org.apache.ibatis.session.defaults.DefaultSqlSession@53ecc7e7]
2026-01-04 17:50:15.486 [http-bio-8081-exec-4] WARN  c.e.d.controller.BorrowingController - 文档归还业务失败: 无此借阅记录
2026-01-04 17:50:15.493 [http-bio-8081-exec-4] INFO  c.e.d.controller.BorrowingController - 显示文档归还表单
2026-01-04 17:50:15.493 [http-bio-8081-exec-4] DEBUG c.e.d.service.BorrowingService - 查询未归还的借阅记录
2026-01-04 17:50:15.493 [http-bio-8081-exec-4] DEBUG org.mybatis.spring.SqlSessionUtils - Creating a new SqlSession
2026-01-04 17:50:15.493 [http-bio-8081-exec-4] DEBUG org.mybatis.spring.SqlSessionUtils - Registering transaction synchronization for SqlSession [org.apache.ibatis.session.defaults.DefaultSqlSession@4d4994d9]
2026-01-04 17:50:15.493 [http-bio-8081-exec-4] DEBUG o.m.s.t.SpringManagedTransaction - JDBC Connection [HikariProxyConnection@1460561464 wrapping com.mysql.cj.jdbc.ConnectionImpl@15e1f52b] will be managed by Spring
2026-01-04 17:50:15.494 [http-bio-8081-exec-4] DEBUG c.e.d.m.B.findByStatus - ==>  Preparing: SELECT id, document_code, user_id, user_name, borrow_time, return_time, status FROM borrowing_records WHERE status = ? ORDER BY borrow_time DESC
2026-01-04 17:50:15.494 [http-bio-8081-exec-4] DEBUG c.e.d.m.B.findByStatus - ==> Parameters: 借阅中(String)
2026-01-04 17:50:15.496 [http-bio-8081-exec-4] DEBUG c.e.d.m.B.findByStatus - <==      Total: 2
2026-01-04 17:50:15.496 [http-bio-8081-exec-4] DEBUG org.mybatis.spring.SqlSessionUtils - Releasing transactional SqlSession [org.apache.ibatis.session.defaults.DefaultSqlSession@4d4994d9]
2026-01-04 17:50:15.496 [http-bio-8081-exec-4] DEBUG org.mybatis.spring.SqlSessionUtils - Transaction synchronization committing SqlSession [org.apache.ibatis.session.defaults.DefaultSqlSession@4d4994d9]
2026-01-04 17:50:15.496 [http-bio-8081-exec-4] DEBUG org.mybatis.spring.SqlSessionUtils - Transaction synchronization deregistering SqlSession [org.apache.ibatis.session.defaults.DefaultSqlSession@4d4994d9]
2026-01-04 17:50:15.496 [http-bio-8081-exec-4] DEBUG org.mybatis.spring.SqlSessionUtils - Transaction synchronization closing SqlSession [org.apache.ibatis.session.defaults.DefaultSqlSession@4d4994d9]
2026-01-04 17:50:39.158 [http-bio-8081-exec-4] INFO  c.e.d.controller.BorrowingController - 显示借阅管理主页面
2026-01-04 17:50:39.159 [http-bio-8081-exec-4] INFO  c.e.document.service.DocumentService - 查询所有文档列表
2026-01-04 17:50:39.159 [http-bio-8081-exec-4] DEBUG org.mybatis.spring.SqlSessionUtils - Creating a new SqlSession
2026-01-04 17:50:39.159 [http-bio-8081-exec-4] DEBUG org.mybatis.spring.SqlSessionUtils - Registering transaction synchronization for SqlSession [org.apache.ibatis.session.defaults.DefaultSqlSession@5374534c]
2026-01-04 17:50:39.159 [http-bio-8081-exec-4] DEBUG o.m.s.t.SpringManagedTransaction - JDBC Connection [HikariProxyConnection@742020261 wrapping com.mysql.cj.jdbc.ConnectionImpl@15e1f52b] will be managed by Spring
2026-01-04 17:50:39.159 [http-bio-8081-exec-4] DEBUG c.e.d.mapper.DocumentMapper.findAll - ==>  Preparing: SELECT id, document_code, document_name, document_type, status, created_time, updated_time FROM documents ORDER BY document_code ASC
2026-01-04 17:50:39.160 [http-bio-8081-exec-4] DEBUG c.e.d.mapper.DocumentMapper.findAll - ==> Parameters: 
2026-01-04 17:50:39.160 [http-bio-8081-exec-4] DEBUG c.e.d.mapper.DocumentMapper.findAll - <==      Total: 8
2026-01-04 17:50:39.162 [http-bio-8081-exec-4] DEBUG org.mybatis.spring.SqlSessionUtils - Releasing transactional SqlSession [org.apache.ibatis.session.defaults.DefaultSqlSession@5374534c]
2026-01-04 17:50:39.162 [http-bio-8081-exec-4] INFO  c.e.document.service.DocumentService - 查询到 8 个文档
2026-01-04 17:50:39.162 [http-bio-8081-exec-4] DEBUG org.mybatis.spring.SqlSessionUtils - Transaction synchronization committing SqlSession [org.apache.ibatis.session.defaults.DefaultSqlSession@5374534c]
2026-01-04 17:50:39.162 [http-bio-8081-exec-4] DEBUG org.mybatis.spring.SqlSessionUtils - Transaction synchronization deregistering SqlSession [org.apache.ibatis.session.defaults.DefaultSqlSession@5374534c]
2026-01-04 17:50:39.162 [http-bio-8081-exec-4] DEBUG org.mybatis.spring.SqlSessionUtils - Transaction synchronization closing SqlSession [org.apache.ibatis.session.defaults.DefaultSqlSession@5374534c]
2026-01-04 17:51:02.346 [http-bio-8081-exec-1] INFO  c.e.d.controller.DocumentController - 处理查看文档列表请求
2026-01-04 17:51:02.348 [http-bio-8081-exec-1] INFO  c.e.document.service.DocumentService - 查询所有文档列表
2026-01-04 17:51:02.348 [http-bio-8081-exec-1] DEBUG org.mybatis.spring.SqlSessionUtils - Creating a new SqlSession
2026-01-04 17:51:02.348 [http-bio-8081-exec-1] DEBUG org.mybatis.spring.SqlSessionUtils - Registering transaction synchronization for SqlSession [org.apache.ibatis.session.defaults.DefaultSqlSession@349053cc]
2026-01-04 17:51:02.348 [http-bio-8081-exec-1] DEBUG o.m.s.t.SpringManagedTransaction - JDBC Connection [HikariProxyConnection@2145255674 wrapping com.mysql.cj.jdbc.ConnectionImpl@15e1f52b] will be managed by Spring
2026-01-04 17:51:02.348 [http-bio-8081-exec-1] DEBUG c.e.d.mapper.DocumentMapper.findAll - ==>  Preparing: SELECT id, document_code, document_name, document_type, status, created_time, updated_time FROM documents ORDER BY document_code ASC
2026-01-04 17:51:02.348 [http-bio-8081-exec-1] DEBUG c.e.d.mapper.DocumentMapper.findAll - ==> Parameters: 
2026-01-04 17:51:02.349 [http-bio-8081-exec-1] DEBUG c.e.d.mapper.DocumentMapper.findAll - <==      Total: 8
2026-01-04 17:51:02.351 [http-bio-8081-exec-1] DEBUG org.mybatis.spring.SqlSessionUtils - Releasing transactional SqlSession [org.apache.ibatis.session.defaults.DefaultSqlSession@349053cc]
2026-01-04 17:51:02.360 [http-bio-8081-exec-1] INFO  c.e.document.service.DocumentService - 查询到 8 个文档
2026-01-04 17:51:02.362 [http-bio-8081-exec-1] DEBUG org.mybatis.spring.SqlSessionUtils - Transaction synchronization committing SqlSession [org.apache.ibatis.session.defaults.DefaultSqlSession@349053cc]
2026-01-04 17:51:02.362 [http-bio-8081-exec-1] DEBUG org.mybatis.spring.SqlSessionUtils - Transaction synchronization deregistering SqlSession [org.apache.ibatis.session.defaults.DefaultSqlSession@349053cc]
2026-01-04 17:51:02.362 [http-bio-8081-exec-1] DEBUG org.mybatis.spring.SqlSessionUtils - Transaction synchronization closing SqlSession [org.apache.ibatis.session.defaults.DefaultSqlSession@349053cc]
2026-01-04 17:51:02.363 [http-bio-8081-exec-1] INFO  c.e.d.controller.DocumentController - 成功获取文档列表，共 8 个文档
2026-01-04 17:52:07.523 [http-bio-8081-exec-7] INFO  c.e.d.controller.BorrowingController - 处理查看借阅记录请求
2026-01-04 17:52:07.525 [http-bio-8081-exec-7] INFO  c.e.d.service.BorrowingService - 查询所有借阅记录
2026-01-04 17:52:07.525 [http-bio-8081-exec-7] DEBUG org.mybatis.spring.SqlSessionUtils - Creating a new SqlSession
2026-01-04 17:52:07.525 [http-bio-8081-exec-7] DEBUG org.mybatis.spring.SqlSessionUtils - Registering transaction synchronization for SqlSession [org.apache.ibatis.session.defaults.DefaultSqlSession@3f3428c8]
2026-01-04 17:52:07.526 [http-bio-8081-exec-7] DEBUG o.m.s.t.SpringManagedTransaction - JDBC Connection [HikariProxyConnection@223734392 wrapping com.mysql.cj.jdbc.ConnectionImpl@15e1f52b] will be managed by Spring
2026-01-04 17:52:07.527 [http-bio-8081-exec-7] DEBUG c.e.d.m.B.findAll - ==>  Preparing: SELECT id, document_code, user_id, user_name, borrow_time, return_time, status FROM borrowing_records ORDER BY borrow_time DESC
2026-01-04 17:52:07.527 [http-bio-8081-exec-7] DEBUG c.e.d.m.B.findAll - ==> Parameters: 
2026-01-04 17:52:07.530 [http-bio-8081-exec-7] DEBUG c.e.d.m.B.findAll - <==      Total: 4
2026-01-04 17:52:07.531 [http-bio-8081-exec-7] DEBUG org.mybatis.spring.SqlSessionUtils - Releasing transactional SqlSession [org.apache.ibatis.session.defaults.DefaultSqlSession@3f3428c8]
2026-01-04 17:52:07.531 [http-bio-8081-exec-7] INFO  c.e.d.service.BorrowingService - 查询到 4 条借阅记录
2026-01-04 17:52:07.532 [http-bio-8081-exec-7] DEBUG org.mybatis.spring.SqlSessionUtils - Transaction synchronization committing SqlSession [org.apache.ibatis.session.defaults.DefaultSqlSession@3f3428c8]
2026-01-04 17:52:07.532 [http-bio-8081-exec-7] DEBUG org.mybatis.spring.SqlSessionUtils - Transaction synchronization deregistering SqlSession [org.apache.ibatis.session.defaults.DefaultSqlSession@3f3428c8]
2026-01-04 17:52:07.533 [http-bio-8081-exec-7] DEBUG org.mybatis.spring.SqlSessionUtils - Transaction synchronization closing SqlSession [org.apache.ibatis.session.defaults.DefaultSqlSession@3f3428c8]
2026-01-04 17:52:07.533 [http-bio-8081-exec-7] INFO  c.e.d.controller.BorrowingController - 成功获取借阅记录，共 4 条记录
2026-01-04 17:52:40.920 [http-bio-8081-exec-7] INFO  c.e.d.controller.DocumentController - 处理查看文档列表请求
2026-01-04 17:52:40.921 [http-bio-8081-exec-7] INFO  c.e.document.service.DocumentService - 查询所有文档列表
2026-01-04 17:52:40.923 [http-bio-8081-exec-7] DEBUG org.mybatis.spring.SqlSessionUtils - Creating a new SqlSession
2026-01-04 17:52:40.923 [http-bio-8081-exec-7] DEBUG org.mybatis.spring.SqlSessionUtils - Registering transaction synchronization for SqlSession [org.apache.ibatis.session.defaults.DefaultSqlSession@2c840c8]
2026-01-04 17:52:40.923 [http-bio-8081-exec-7] DEBUG o.m.s.t.SpringManagedTransaction - JDBC Connection [HikariProxyConnection@1187803430 wrapping com.mysql.cj.jdbc.ConnectionImpl@15e1f52b] will be managed by Spring
2026-01-04 17:52:40.925 [http-bio-8081-exec-7] DEBUG c.e.d.mapper.DocumentMapper.findAll - ==>  Preparing: SELECT id, document_code, document_name, document_type, status, created_time, updated_time FROM documents ORDER BY document_code ASC
2026-01-04 17:52:40.925 [http-bio-8081-exec-7] DEBUG c.e.d.mapper.DocumentMapper.findAll - ==> Parameters: 
2026-01-04 17:52:40.927 [http-bio-8081-exec-7] DEBUG c.e.d.mapper.DocumentMapper.findAll - <==      Total: 8
2026-01-04 17:52:40.927 [http-bio-8081-exec-7] DEBUG org.mybatis.spring.SqlSessionUtils - Releasing transactional SqlSession [org.apache.ibatis.session.defaults.DefaultSqlSession@2c840c8]
2026-01-04 17:52:40.927 [http-bio-8081-exec-7] INFO  c.e.document.service.DocumentService - 查询到 8 个文档
2026-01-04 17:52:40.928 [http-bio-8081-exec-7] DEBUG org.mybatis.spring.SqlSessionUtils - Transaction synchronization committing SqlSession [org.apache.ibatis.session.defaults.DefaultSqlSession@2c840c8]
2026-01-04 17:52:40.929 [http-bio-8081-exec-7] DEBUG org.mybatis.spring.SqlSessionUtils - Transaction synchronization deregistering SqlSession [org.apache.ibatis.session.defaults.DefaultSqlSession@2c840c8]
2026-01-04 17:52:40.929 [http-bio-8081-exec-7] DEBUG org.mybatis.spring.SqlSessionUtils - Transaction synchronization closing SqlSession [org.apache.ibatis.session.defaults.DefaultSqlSession@2c840c8]
2026-01-04 17:52:40.929 [http-bio-8081-exec-7] INFO  c.e.d.controller.DocumentController - 成功获取文档列表，共 8 个文档
2026-01-04 17:52:45.034 [http-bio-8081-exec-7] INFO  c.e.d.controller.DocumentController - 显示添加文档表单
2026-01-04 17:52:53.092 [http-bio-8081-exec-7] INFO  c.e.d.controller.DocumentController - 显示添加文档表单
2026-01-04 17:53:10.198 [http-bio-8081-exec-7] INFO  c.e.d.controller.DocumentController - 处理添加文档请求: 编号=D00000001, 名称=Test1, 类型=报告
2026-01-04 17:53:10.200 [http-bio-8081-exec-7] INFO  c.e.document.service.DocumentService - 添加新文档: 编号=D00000001, 名称=Test1, 类型=报告
2026-01-04 17:53:10.200 [http-bio-8081-exec-7] DEBUG org.mybatis.spring.SqlSessionUtils - Creating a new SqlSession
2026-01-04 17:53:10.201 [http-bio-8081-exec-7] DEBUG org.mybatis.spring.SqlSessionUtils - Registering transaction synchronization for SqlSession [org.apache.ibatis.session.defaults.DefaultSqlSession@d15f06b]
2026-01-04 17:53:10.201 [http-bio-8081-exec-7] DEBUG o.m.s.t.SpringManagedTransaction - JDBC Connection [HikariProxyConnection@772695506 wrapping com.mysql.cj.jdbc.ConnectionImpl@15e1f52b] will be managed by Spring
2026-01-04 17:53:10.201 [http-bio-8081-exec-7] DEBUG c.e.d.m.DocumentMapper.findByCode - ==>  Preparing: SELECT id, document_code, document_name, document_type, status, created_time, updated_time FROM documents WHERE document_code = ?
2026-01-04 17:53:10.201 [http-bio-8081-exec-7] DEBUG c.e.d.m.DocumentMapper.findByCode - ==> Parameters: D00000001(String)
2026-01-04 17:53:10.203 [http-bio-8081-exec-7] DEBUG c.e.d.m.DocumentMapper.findByCode - <==      Total: 0
2026-01-04 17:53:10.203 [http-bio-8081-exec-7] DEBUG org.mybatis.spring.SqlSessionUtils - Releasing transactional SqlSession [org.apache.ibatis.session.defaults.DefaultSqlSession@d15f06b]
2026-01-04 17:53:10.203 [http-bio-8081-exec-7] DEBUG org.mybatis.spring.SqlSessionUtils - Fetched SqlSession [org.apache.ibatis.session.defaults.DefaultSqlSession@d15f06b] from current transaction
2026-01-04 17:53:10.203 [http-bio-8081-exec-7] DEBUG c.e.d.mapper.DocumentMapper.insert - ==>  Preparing: INSERT INTO documents (document_code, document_name, document_type, status) VALUES (?, ?, ?, ?)
2026-01-04 17:53:10.203 [http-bio-8081-exec-7] DEBUG c.e.d.mapper.DocumentMapper.insert - ==> Parameters: D00000001(String), Test1(String), 报告(String), 可下载(String)
2026-01-04 17:53:10.204 [http-bio-8081-exec-7] DEBUG c.e.d.mapper.DocumentMapper.insert - <==    Updates: 1
2026-01-04 17:53:10.204 [http-bio-8081-exec-7] DEBUG org.mybatis.spring.SqlSessionUtils - Releasing transactional SqlSession [org.apache.ibatis.session.defaults.DefaultSqlSession@d15f06b]
2026-01-04 17:53:10.204 [http-bio-8081-exec-7] INFO  c.e.document.service.DocumentService - 文档添加成功: Document{id=17, documentCode='D00000001', documentName='Test1', documentType='报告', status='可下载', createdTime=null, updatedTime=null}
2026-01-04 17:53:10.204 [http-bio-8081-exec-7] DEBUG org.mybatis.spring.SqlSessionUtils - Transaction synchronization committing SqlSession [org.apache.ibatis.session.defaults.DefaultSqlSession@d15f06b]
2026-01-04 17:53:10.204 [http-bio-8081-exec-7] DEBUG org.mybatis.spring.SqlSessionUtils - Transaction synchronization deregistering SqlSession [org.apache.ibatis.session.defaults.DefaultSqlSession@d15f06b]
2026-01-04 17:53:10.204 [http-bio-8081-exec-7] DEBUG org.mybatis.spring.SqlSessionUtils - Transaction synchronization closing SqlSession [org.apache.ibatis.session.defaults.DefaultSqlSession@d15f06b]
2026-01-04 17:53:10.215 [http-bio-8081-exec-7] INFO  c.e.d.controller.DocumentController - 文档添加成功: Document{id=17, documentCode='D00000001', documentName='Test1', documentType='报告', status='可下载', createdTime=null, updatedTime=null}
2026-01-04 17:53:10.219 [http-bio-8081-exec-7] INFO  c.e.d.controller.DocumentController - 处理文档管理页面请求
2026-01-04 17:53:10.222 [http-bio-8081-exec-7] INFO  c.e.document.service.DocumentService - 查询所有文档列表
2026-01-04 17:53:10.223 [http-bio-8081-exec-7] DEBUG org.mybatis.spring.SqlSessionUtils - Creating a new SqlSession
2026-01-04 17:53:10.223 [http-bio-8081-exec-7] DEBUG org.mybatis.spring.SqlSessionUtils - Registering transaction synchronization for SqlSession [org.apache.ibatis.session.defaults.DefaultSqlSession@627773e]
2026-01-04 17:53:10.223 [http-bio-8081-exec-7] DEBUG o.m.s.t.SpringManagedTransaction - JDBC Connection [HikariProxyConnection@951950668 wrapping com.mysql.cj.jdbc.ConnectionImpl@15e1f52b] will be managed by Spring
2026-01-04 17:53:10.224 [http-bio-8081-exec-7] DEBUG c.e.d.mapper.DocumentMapper.findAll - ==>  Preparing: SELECT id, document_code, document_name, document_type, status, created_time, updated_time FROM documents ORDER BY document_code ASC
2026-01-04 17:53:10.224 [http-bio-8081-exec-7] DEBUG c.e.d.mapper.DocumentMapper.findAll - ==> Parameters: 
2026-01-04 17:53:10.227 [http-bio-8081-exec-7] DEBUG c.e.d.mapper.DocumentMapper.findAll - <==      Total: 9
2026-01-04 17:53:10.232 [http-bio-8081-exec-7] DEBUG org.mybatis.spring.SqlSessionUtils - Releasing transactional SqlSession [org.apache.ibatis.session.defaults.DefaultSqlSession@627773e]
2026-01-04 17:53:10.232 [http-bio-8081-exec-7] INFO  c.e.document.service.DocumentService - 查询到 9 个文档
2026-01-04 17:53:10.232 [http-bio-8081-exec-7] DEBUG org.mybatis.spring.SqlSessionUtils - Transaction synchronization committing SqlSession [org.apache.ibatis.session.defaults.DefaultSqlSession@627773e]
2026-01-04 17:53:10.232 [http-bio-8081-exec-7] DEBUG org.mybatis.spring.SqlSessionUtils - Transaction synchronization deregistering SqlSession [org.apache.ibatis.session.defaults.DefaultSqlSession@627773e]
2026-01-04 17:53:10.232 [http-bio-8081-exec-7] DEBUG org.mybatis.spring.SqlSessionUtils - Transaction synchronization closing SqlSession [org.apache.ibatis.session.defaults.DefaultSqlSession@627773e]
2026-01-04 17:53:12.040 [http-bio-8081-exec-7] INFO  c.e.d.controller.DocumentController - 显示修改文档表单: 编号=D00000001
2026-01-04 17:53:12.042 [http-bio-8081-exec-7] DEBUG c.e.document.service.DocumentService - 查询文档: 编号=D00000001
2026-01-04 17:53:12.042 [http-bio-8081-exec-7] DEBUG org.mybatis.spring.SqlSessionUtils - Creating a new SqlSession
2026-01-04 17:53:12.042 [http-bio-8081-exec-7] DEBUG org.mybatis.spring.SqlSessionUtils - Registering transaction synchronization for SqlSession [org.apache.ibatis.session.defaults.DefaultSqlSession@209535e3]
2026-01-04 17:53:12.042 [http-bio-8081-exec-7] DEBUG o.m.s.t.SpringManagedTransaction - JDBC Connection [HikariProxyConnection@2033472246 wrapping com.mysql.cj.jdbc.ConnectionImpl@15e1f52b] will be managed by Spring
2026-01-04 17:53:12.043 [http-bio-8081-exec-7] DEBUG c.e.d.m.DocumentMapper.findByCode - ==>  Preparing: SELECT id, document_code, document_name, document_type, status, created_time, updated_time FROM documents WHERE document_code = ?
2026-01-04 17:53:12.043 [http-bio-8081-exec-7] DEBUG c.e.d.m.DocumentMapper.findByCode - ==> Parameters: D00000001(String)
2026-01-04 17:53:12.047 [http-bio-8081-exec-7] DEBUG c.e.d.m.DocumentMapper.findByCode - <==      Total: 1
2026-01-04 17:53:12.047 [http-bio-8081-exec-7] DEBUG org.mybatis.spring.SqlSessionUtils - Releasing transactional SqlSession [org.apache.ibatis.session.defaults.DefaultSqlSession@209535e3]
2026-01-04 17:53:12.049 [http-bio-8081-exec-7] DEBUG org.mybatis.spring.SqlSessionUtils - Transaction synchronization committing SqlSession [org.apache.ibatis.session.defaults.DefaultSqlSession@209535e3]
2026-01-04 17:53:12.050 [http-bio-8081-exec-7] DEBUG org.mybatis.spring.SqlSessionUtils - Transaction synchronization deregistering SqlSession [org.apache.ibatis.session.defaults.DefaultSqlSession@209535e3]
2026-01-04 17:53:12.050 [http-bio-8081-exec-7] DEBUG org.mybatis.spring.SqlSessionUtils - Transaction synchronization closing SqlSession [org.apache.ibatis.session.defaults.DefaultSqlSession@209535e3]
2026-01-04 17:53:19.096 [http-bio-8081-exec-9] INFO  c.e.d.controller.DocumentController - 处理文档管理页面请求
2026-01-04 17:53:19.097 [http-bio-8081-exec-9] INFO  c.e.document.service.DocumentService - 查询所有文档列表
2026-01-04 17:53:19.099 [http-bio-8081-exec-9] DEBUG org.mybatis.spring.SqlSessionUtils - Creating a new SqlSession
2026-01-04 17:53:19.099 [http-bio-8081-exec-9] DEBUG org.mybatis.spring.SqlSessionUtils - Registering transaction synchronization for SqlSession [org.apache.ibatis.session.defaults.DefaultSqlSession@6d0ee07d]
2026-01-04 17:53:19.099 [http-bio-8081-exec-9] DEBUG o.m.s.t.SpringManagedTransaction - JDBC Connection [HikariProxyConnection@741599814 wrapping com.mysql.cj.jdbc.ConnectionImpl@15e1f52b] will be managed by Spring
2026-01-04 17:53:19.099 [http-bio-8081-exec-9] DEBUG c.e.d.mapper.DocumentMapper.findAll - ==>  Preparing: SELECT id, document_code, document_name, document_type, status, created_time, updated_time FROM documents ORDER BY document_code ASC
2026-01-04 17:53:19.100 [http-bio-8081-exec-9] DEBUG c.e.d.mapper.DocumentMapper.findAll - ==> Parameters: 
2026-01-04 17:53:19.103 [http-bio-8081-exec-9] DEBUG c.e.d.mapper.DocumentMapper.findAll - <==      Total: 9
2026-01-04 17:53:19.104 [http-bio-8081-exec-9] DEBUG org.mybatis.spring.SqlSessionUtils - Releasing transactional SqlSession [org.apache.ibatis.session.defaults.DefaultSqlSession@6d0ee07d]
2026-01-04 17:53:19.104 [http-bio-8081-exec-9] INFO  c.e.document.service.DocumentService - 查询到 9 个文档
2026-01-04 17:53:19.105 [http-bio-8081-exec-9] DEBUG org.mybatis.spring.SqlSessionUtils - Transaction synchronization committing SqlSession [org.apache.ibatis.session.defaults.DefaultSqlSession@6d0ee07d]
2026-01-04 17:53:19.106 [http-bio-8081-exec-9] DEBUG org.mybatis.spring.SqlSessionUtils - Transaction synchronization deregistering SqlSession [org.apache.ibatis.session.defaults.DefaultSqlSession@6d0ee07d]
2026-01-04 17:53:19.106 [http-bio-8081-exec-9] DEBUG org.mybatis.spring.SqlSessionUtils - Transaction synchronization closing SqlSession [org.apache.ibatis.session.defaults.DefaultSqlSession@6d0ee07d]
2026-01-04 17:53:21.105 [http-bio-8081-exec-9] INFO  c.e.d.controller.DocumentController - 显示修改文档表单: 编号=D00000001
2026-01-04 17:53:21.106 [http-bio-8081-exec-9] DEBUG c.e.document.service.DocumentService - 查询文档: 编号=D00000001
2026-01-04 17:53:21.106 [http-bio-8081-exec-9] DEBUG org.mybatis.spring.SqlSessionUtils - Creating a new SqlSession
2026-01-04 17:53:21.106 [http-bio-8081-exec-9] DEBUG org.mybatis.spring.SqlSessionUtils - Registering transaction synchronization for SqlSession [org.apache.ibatis.session.defaults.DefaultSqlSession@1d55828b]
2026-01-04 17:53:21.106 [http-bio-8081-exec-9] DEBUG o.m.s.t.SpringManagedTransaction - JDBC Connection [HikariProxyConnection@1276908809 wrapping com.mysql.cj.jdbc.ConnectionImpl@15e1f52b] will be managed by Spring
2026-01-04 17:53:21.106 [http-bio-8081-exec-9] DEBUG c.e.d.m.DocumentMapper.findByCode - ==>  Preparing: SELECT id, document_code, document_name, document_type, status, created_time, updated_time FROM documents WHERE document_code = ?
2026-01-04 17:53:21.106 [http-bio-8081-exec-9] DEBUG c.e.d.m.DocumentMapper.findByCode - ==> Parameters: D00000001(String)
2026-01-04 17:53:21.108 [http-bio-8081-exec-9] DEBUG c.e.d.m.DocumentMapper.findByCode - <==      Total: 1
2026-01-04 17:53:21.108 [http-bio-8081-exec-9] DEBUG org.mybatis.spring.SqlSessionUtils - Releasing transactional SqlSession [org.apache.ibatis.session.defaults.DefaultSqlSession@1d55828b]
2026-01-04 17:53:21.108 [http-bio-8081-exec-9] DEBUG org.mybatis.spring.SqlSessionUtils - Transaction synchronization committing SqlSession [org.apache.ibatis.session.defaults.DefaultSqlSession@1d55828b]
2026-01-04 17:53:21.108 [http-bio-8081-exec-9] DEBUG org.mybatis.spring.SqlSessionUtils - Transaction synchronization deregistering SqlSession [org.apache.ibatis.session.defaults.DefaultSqlSession@1d55828b]
2026-01-04 17:53:21.108 [http-bio-8081-exec-9] DEBUG org.mybatis.spring.SqlSessionUtils - Transaction synchronization closing SqlSession [org.apache.ibatis.session.defaults.DefaultSqlSession@1d55828b]
2026-01-04 17:53:27.923 [http-bio-8081-exec-8] INFO  c.e.d.controller.DocumentController - 处理查看文档列表请求
2026-01-04 17:53:27.925 [http-bio-8081-exec-8] INFO  c.e.document.service.DocumentService - 查询所有文档列表
2026-01-04 17:53:27.927 [http-bio-8081-exec-8] DEBUG org.mybatis.spring.SqlSessionUtils - Creating a new SqlSession
2026-01-04 17:53:27.927 [http-bio-8081-exec-8] DEBUG org.mybatis.spring.SqlSessionUtils - Registering transaction synchronization for SqlSession [org.apache.ibatis.session.defaults.DefaultSqlSession@4302b34b]
2026-01-04 17:53:27.927 [http-bio-8081-exec-8] DEBUG o.m.s.t.SpringManagedTransaction - JDBC Connection [HikariProxyConnection@421793460 wrapping com.mysql.cj.jdbc.ConnectionImpl@15e1f52b] will be managed by Spring
2026-01-04 17:53:27.927 [http-bio-8081-exec-8] DEBUG c.e.d.mapper.DocumentMapper.findAll - ==>  Preparing: SELECT id, document_code, document_name, document_type, status, created_time, updated_time FROM documents ORDER BY document_code ASC
2026-01-04 17:53:27.928 [http-bio-8081-exec-8] DEBUG c.e.d.mapper.DocumentMapper.findAll - ==> Parameters: 
2026-01-04 17:53:27.930 [http-bio-8081-exec-8] DEBUG c.e.d.mapper.DocumentMapper.findAll - <==      Total: 9
2026-01-04 17:53:27.930 [http-bio-8081-exec-8] DEBUG org.mybatis.spring.SqlSessionUtils - Releasing transactional SqlSession [org.apache.ibatis.session.defaults.DefaultSqlSession@4302b34b]
2026-01-04 17:53:27.930 [http-bio-8081-exec-8] INFO  c.e.document.service.DocumentService - 查询到 9 个文档
2026-01-04 17:53:27.930 [http-bio-8081-exec-8] DEBUG org.mybatis.spring.SqlSessionUtils - Transaction synchronization committing SqlSession [org.apache.ibatis.session.defaults.DefaultSqlSession@4302b34b]
2026-01-04 17:53:27.930 [http-bio-8081-exec-8] DEBUG org.mybatis.spring.SqlSessionUtils - Transaction synchronization deregistering SqlSession [org.apache.ibatis.session.defaults.DefaultSqlSession@4302b34b]
2026-01-04 17:53:27.930 [http-bio-8081-exec-8] DEBUG org.mybatis.spring.SqlSessionUtils - Transaction synchronization closing SqlSession [org.apache.ibatis.session.defaults.DefaultSqlSession@4302b34b]
2026-01-04 17:53:27.931 [http-bio-8081-exec-8] INFO  c.e.d.controller.DocumentController - 成功获取文档列表，共 9 个文档
2026-01-04 17:58:30.394 [http-bio-8081-exec-7] INFO  c.e.d.controller.DocumentController - 处理查看文档列表请求
2026-01-04 17:58:30.395 [http-bio-8081-exec-7] INFO  c.e.document.service.DocumentService - 查询所有文档列表
2026-01-04 17:58:30.395 [http-bio-8081-exec-7] DEBUG org.mybatis.spring.SqlSessionUtils - Creating a new SqlSession
2026-01-04 17:58:30.395 [http-bio-8081-exec-7] DEBUG org.mybatis.spring.SqlSessionUtils - Registering transaction synchronization for SqlSession [org.apache.ibatis.session.defaults.DefaultSqlSession@1fe3aa3e]
2026-01-04 17:58:30.395 [http-bio-8081-exec-7] DEBUG o.m.s.t.SpringManagedTransaction - JDBC Connection [HikariProxyConnection@553857607 wrapping com.mysql.cj.jdbc.ConnectionImpl@15e1f52b] will be managed by Spring
2026-01-04 17:58:30.395 [http-bio-8081-exec-7] DEBUG c.e.d.mapper.DocumentMapper.findAll - ==>  Preparing: SELECT id, document_code, document_name, document_type, status, created_time, updated_time FROM documents ORDER BY document_code ASC
2026-01-04 17:58:30.395 [http-bio-8081-exec-7] DEBUG c.e.d.mapper.DocumentMapper.findAll - ==> Parameters: 
2026-01-04 17:58:30.398 [http-bio-8081-exec-7] DEBUG c.e.d.mapper.DocumentMapper.findAll - <==      Total: 9
2026-01-04 17:58:30.398 [http-bio-8081-exec-7] DEBUG org.mybatis.spring.SqlSessionUtils - Releasing transactional SqlSession [org.apache.ibatis.session.defaults.DefaultSqlSession@1fe3aa3e]
2026-01-04 17:58:30.398 [http-bio-8081-exec-7] INFO  c.e.document.service.DocumentService - 查询到 9 个文档
2026-01-04 17:58:30.398 [http-bio-8081-exec-7] DEBUG org.mybatis.spring.SqlSessionUtils - Transaction synchronization committing SqlSession [org.apache.ibatis.session.defaults.DefaultSqlSession@1fe3aa3e]
2026-01-04 17:58:30.398 [http-bio-8081-exec-7] DEBUG org.mybatis.spring.SqlSessionUtils - Transaction synchronization deregistering SqlSession [org.apache.ibatis.session.defaults.DefaultSqlSession@1fe3aa3e]
2026-01-04 17:58:30.398 [http-bio-8081-exec-7] DEBUG org.mybatis.spring.SqlSessionUtils - Transaction synchronization closing SqlSession [org.apache.ibatis.session.defaults.DefaultSqlSession@1fe3aa3e]
2026-01-04 17:58:30.400 [http-bio-8081-exec-7] INFO  c.e.d.controller.DocumentController - 成功获取文档列表，共 9 个文档
2026-01-04 17:58:39.157 [http-bio-8081-exec-7] INFO  c.e.d.controller.DocumentController - 处理查看文档列表请求
2026-01-04 17:58:39.159 [http-bio-8081-exec-7] INFO  c.e.document.service.DocumentService - 查询所有文档列表
2026-01-04 17:58:39.159 [http-bio-8081-exec-7] DEBUG org.mybatis.spring.SqlSessionUtils - Creating a new SqlSession
2026-01-04 17:58:39.159 [http-bio-8081-exec-7] DEBUG org.mybatis.spring.SqlSessionUtils - Registering transaction synchronization for SqlSession [org.apache.ibatis.session.defaults.DefaultSqlSession@4b67bd7d]
2026-01-04 17:58:39.160 [http-bio-8081-exec-7] DEBUG o.m.s.t.SpringManagedTransaction - JDBC Connection [HikariProxyConnection@1788219540 wrapping com.mysql.cj.jdbc.ConnectionImpl@15e1f52b] will be managed by Spring
2026-01-04 17:58:39.160 [http-bio-8081-exec-7] DEBUG c.e.d.mapper.DocumentMapper.findAll - ==>  Preparing: SELECT id, document_code, document_name, document_type, status, created_time, updated_time FROM documents ORDER BY document_code ASC
2026-01-04 17:58:39.160 [http-bio-8081-exec-7] DEBUG c.e.d.mapper.DocumentMapper.findAll - ==> Parameters: 
2026-01-04 17:58:39.161 [http-bio-8081-exec-7] DEBUG c.e.d.mapper.DocumentMapper.findAll - <==      Total: 9
2026-01-04 17:58:39.161 [http-bio-8081-exec-7] DEBUG org.mybatis.spring.SqlSessionUtils - Releasing transactional SqlSession [org.apache.ibatis.session.defaults.DefaultSqlSession@4b67bd7d]
2026-01-04 17:58:39.161 [http-bio-8081-exec-7] INFO  c.e.document.service.DocumentService - 查询到 9 个文档
2026-01-04 17:58:39.161 [http-bio-8081-exec-7] DEBUG org.mybatis.spring.SqlSessionUtils - Transaction synchronization committing SqlSession [org.apache.ibatis.session.defaults.DefaultSqlSession@4b67bd7d]
2026-01-04 17:58:39.161 [http-bio-8081-exec-7] DEBUG org.mybatis.spring.SqlSessionUtils - Transaction synchronization deregistering SqlSession [org.apache.ibatis.session.defaults.DefaultSqlSession@4b67bd7d]
2026-01-04 17:58:39.161 [http-bio-8081-exec-7] DEBUG org.mybatis.spring.SqlSessionUtils - Transaction synchronization closing SqlSession [org.apache.ibatis.session.defaults.DefaultSqlSession@4b67bd7d]
2026-01-04 17:58:39.163 [http-bio-8081-exec-7] INFO  c.e.d.controller.DocumentController - 成功获取文档列表，共 9 个文档
2026-01-04 17:58:43.852 [http-bio-8081-exec-7] INFO  c.e.d.controller.DocumentController - 处理文档管理页面请求
2026-01-04 17:58:43.854 [http-bio-8081-exec-7] INFO  c.e.document.service.DocumentService - 查询所有文档列表
2026-01-04 17:58:43.854 [http-bio-8081-exec-7] DEBUG org.mybatis.spring.SqlSessionUtils - Creating a new SqlSession
2026-01-04 17:58:43.854 [http-bio-8081-exec-7] DEBUG org.mybatis.spring.SqlSessionUtils - Registering transaction synchronization for SqlSession [org.apache.ibatis.session.defaults.DefaultSqlSession@6a117a6e]
2026-01-04 17:58:43.854 [http-bio-8081-exec-7] DEBUG o.m.s.t.SpringManagedTransaction - JDBC Connection [HikariProxyConnection@847395041 wrapping com.mysql.cj.jdbc.ConnectionImpl@15e1f52b] will be managed by Spring
2026-01-04 17:58:43.854 [http-bio-8081-exec-7] DEBUG c.e.d.mapper.DocumentMapper.findAll - ==>  Preparing: SELECT id, document_code, document_name, document_type, status, created_time, updated_time FROM documents ORDER BY document_code ASC
2026-01-04 17:58:43.855 [http-bio-8081-exec-7] DEBUG c.e.d.mapper.DocumentMapper.findAll - ==> Parameters: 
2026-01-04 17:58:43.858 [http-bio-8081-exec-7] DEBUG c.e.d.mapper.DocumentMapper.findAll - <==      Total: 9
2026-01-04 17:58:43.858 [http-bio-8081-exec-7] DEBUG org.mybatis.spring.SqlSessionUtils - Releasing transactional SqlSession [org.apache.ibatis.session.defaults.DefaultSqlSession@6a117a6e]
2026-01-04 17:58:43.860 [http-bio-8081-exec-7] INFO  c.e.document.service.DocumentService - 查询到 9 个文档
2026-01-04 17:58:43.860 [http-bio-8081-exec-7] DEBUG org.mybatis.spring.SqlSessionUtils - Transaction synchronization committing SqlSession [org.apache.ibatis.session.defaults.DefaultSqlSession@6a117a6e]
2026-01-04 17:58:43.860 [http-bio-8081-exec-7] DEBUG org.mybatis.spring.SqlSessionUtils - Transaction synchronization deregistering SqlSession [org.apache.ibatis.session.defaults.DefaultSqlSession@6a117a6e]
2026-01-04 17:58:43.860 [http-bio-8081-exec-7] DEBUG org.mybatis.spring.SqlSessionUtils - Transaction synchronization closing SqlSession [org.apache.ibatis.session.defaults.DefaultSqlSession@6a117a6e]
2026-01-04 17:58:49.788 [http-bio-8081-exec-10] INFO  c.e.d.controller.DocumentController - 处理查看文档列表请求
2026-01-04 17:58:49.790 [http-bio-8081-exec-10] INFO  c.e.document.service.DocumentService - 查询所有文档列表
2026-01-04 17:58:49.790 [http-bio-8081-exec-10] DEBUG org.mybatis.spring.SqlSessionUtils - Creating a new SqlSession
2026-01-04 17:58:49.790 [http-bio-8081-exec-10] DEBUG org.mybatis.spring.SqlSessionUtils - Registering transaction synchronization for SqlSession [org.apache.ibatis.session.defaults.DefaultSqlSession@734bb2b3]
2026-01-04 17:58:49.790 [http-bio-8081-exec-10] DEBUG o.m.s.t.SpringManagedTransaction - JDBC Connection [HikariProxyConnection@1773431611 wrapping com.mysql.cj.jdbc.ConnectionImpl@15e1f52b] will be managed by Spring
2026-01-04 17:58:49.790 [http-bio-8081-exec-10] DEBUG c.e.d.mapper.DocumentMapper.findAll - ==>  Preparing: SELECT id, document_code, document_name, document_type, status, created_time, updated_time FROM documents ORDER BY document_code ASC
2026-01-04 17:58:49.791 [http-bio-8081-exec-10] DEBUG c.e.d.mapper.DocumentMapper.findAll - ==> Parameters: 
2026-01-04 17:58:49.793 [http-bio-8081-exec-10] DEBUG c.e.d.mapper.DocumentMapper.findAll - <==      Total: 9
2026-01-04 17:58:49.793 [http-bio-8081-exec-10] DEBUG org.mybatis.spring.SqlSessionUtils - Releasing transactional SqlSession [org.apache.ibatis.session.defaults.DefaultSqlSession@734bb2b3]
2026-01-04 17:58:49.793 [http-bio-8081-exec-10] INFO  c.e.document.service.DocumentService - 查询到 9 个文档
2026-01-04 17:58:49.793 [http-bio-8081-exec-10] DEBUG org.mybatis.spring.SqlSessionUtils - Transaction synchronization committing SqlSession [org.apache.ibatis.session.defaults.DefaultSqlSession@734bb2b3]
2026-01-04 17:58:49.793 [http-bio-8081-exec-10] DEBUG org.mybatis.spring.SqlSessionUtils - Transaction synchronization deregistering SqlSession [org.apache.ibatis.session.defaults.DefaultSqlSession@734bb2b3]
2026-01-04 17:58:49.793 [http-bio-8081-exec-10] DEBUG org.mybatis.spring.SqlSessionUtils - Transaction synchronization closing SqlSession [org.apache.ibatis.session.defaults.DefaultSqlSession@734bb2b3]
2026-01-04 17:58:49.795 [http-bio-8081-exec-10] INFO  c.e.d.controller.DocumentController - 成功获取文档列表，共 9 个文档
2026-01-04 17:58:53.652 [http-bio-8081-exec-10] INFO  c.e.d.controller.DocumentController - 处理文档管理页面请求
2026-01-04 17:58:53.652 [http-bio-8081-exec-10] INFO  c.e.document.service.DocumentService - 查询所有文档列表
2026-01-04 17:58:53.653 [http-bio-8081-exec-10] DEBUG org.mybatis.spring.SqlSessionUtils - Creating a new SqlSession
2026-01-04 17:58:53.653 [http-bio-8081-exec-10] DEBUG org.mybatis.spring.SqlSessionUtils - Registering transaction synchronization for SqlSession [org.apache.ibatis.session.defaults.DefaultSqlSession@10ce287d]
2026-01-04 17:58:53.653 [http-bio-8081-exec-10] DEBUG o.m.s.t.SpringManagedTransaction - JDBC Connection [HikariProxyConnection@1444601354 wrapping com.mysql.cj.jdbc.ConnectionImpl@15e1f52b] will be managed by Spring
2026-01-04 17:58:53.653 [http-bio-8081-exec-10] DEBUG c.e.d.mapper.DocumentMapper.findAll - ==>  Preparing: SELECT id, document_code, document_name, document_type, status, created_time, updated_time FROM documents ORDER BY document_code ASC
2026-01-04 17:58:53.654 [http-bio-8081-exec-10] DEBUG c.e.d.mapper.DocumentMapper.findAll - ==> Parameters: 
2026-01-04 17:58:53.654 [http-bio-8081-exec-10] DEBUG c.e.d.mapper.DocumentMapper.findAll - <==      Total: 9
2026-01-04 17:58:53.657 [http-bio-8081-exec-10] DEBUG org.mybatis.spring.SqlSessionUtils - Releasing transactional SqlSession [org.apache.ibatis.session.defaults.DefaultSqlSession@10ce287d]
2026-01-04 17:58:53.657 [http-bio-8081-exec-10] INFO  c.e.document.service.DocumentService - 查询到 9 个文档
2026-01-04 17:58:53.657 [http-bio-8081-exec-10] DEBUG org.mybatis.spring.SqlSessionUtils - Transaction synchronization committing SqlSession [org.apache.ibatis.session.defaults.DefaultSqlSession@10ce287d]
2026-01-04 17:58:53.657 [http-bio-8081-exec-10] DEBUG org.mybatis.spring.SqlSessionUtils - Transaction synchronization deregistering SqlSession [org.apache.ibatis.session.defaults.DefaultSqlSession@10ce287d]
2026-01-04 17:58:53.657 [http-bio-8081-exec-10] DEBUG org.mybatis.spring.SqlSessionUtils - Transaction synchronization closing SqlSession [org.apache.ibatis.session.defaults.DefaultSqlSession@10ce287d]
2026-01-04 17:58:55.159 [http-bio-8081-exec-10] INFO  c.e.d.controller.DocumentController - 处理查看文档列表请求
2026-01-04 17:58:55.161 [http-bio-8081-exec-10] INFO  c.e.document.service.DocumentService - 查询所有文档列表
2026-01-04 17:58:55.161 [http-bio-8081-exec-10] DEBUG org.mybatis.spring.SqlSessionUtils - Creating a new SqlSession
2026-01-04 17:58:55.161 [http-bio-8081-exec-10] DEBUG org.mybatis.spring.SqlSessionUtils - Registering transaction synchronization for SqlSession [org.apache.ibatis.session.defaults.DefaultSqlSession@7f592ec2]
2026-01-04 17:58:55.161 [http-bio-8081-exec-10] DEBUG o.m.s.t.SpringManagedTransaction - JDBC Connection [HikariProxyConnection@266754786 wrapping com.mysql.cj.jdbc.ConnectionImpl@15e1f52b] will be managed by Spring
2026-01-04 17:58:55.161 [http-bio-8081-exec-10] DEBUG c.e.d.mapper.DocumentMapper.findAll - ==>  Preparing: SELECT id, document_code, document_name, document_type, status, created_time, updated_time FROM documents ORDER BY document_code ASC
2026-01-04 17:58:55.163 [http-bio-8081-exec-10] DEBUG c.e.d.mapper.DocumentMapper.findAll - ==> Parameters: 
2026-01-04 17:58:55.164 [http-bio-8081-exec-10] DEBUG c.e.d.mapper.DocumentMapper.findAll - <==      Total: 9
2026-01-04 17:58:55.165 [http-bio-8081-exec-10] DEBUG org.mybatis.spring.SqlSessionUtils - Releasing transactional SqlSession [org.apache.ibatis.session.defaults.DefaultSqlSession@7f592ec2]
2026-01-04 17:58:55.165 [http-bio-8081-exec-10] INFO  c.e.document.service.DocumentService - 查询到 9 个文档
2026-01-04 17:58:55.165 [http-bio-8081-exec-10] DEBUG org.mybatis.spring.SqlSessionUtils - Transaction synchronization committing SqlSession [org.apache.ibatis.session.defaults.DefaultSqlSession@7f592ec2]
2026-01-04 17:58:55.165 [http-bio-8081-exec-10] DEBUG org.mybatis.spring.SqlSessionUtils - Transaction synchronization deregistering SqlSession [org.apache.ibatis.session.defaults.DefaultSqlSession@7f592ec2]
2026-01-04 17:58:55.166 [http-bio-8081-exec-10] DEBUG org.mybatis.spring.SqlSessionUtils - Transaction synchronization closing SqlSession [org.apache.ibatis.session.defaults.DefaultSqlSession@7f592ec2]
2026-01-04 17:58:55.167 [http-bio-8081-exec-10] INFO  c.e.d.controller.DocumentController - 成功获取文档列表，共 9 个文档
2026-01-04 17:58:58.202 [http-bio-8081-exec-5] INFO  c.e.d.controller.BorrowingController - 显示借阅管理主页面
2026-01-04 17:58:58.203 [http-bio-8081-exec-5] INFO  c.e.document.service.DocumentService - 查询所有文档列表
2026-01-04 17:58:58.203 [http-bio-8081-exec-5] DEBUG org.mybatis.spring.SqlSessionUtils - Creating a new SqlSession
2026-01-04 17:58:58.203 [http-bio-8081-exec-5] DEBUG org.mybatis.spring.SqlSessionUtils - Registering transaction synchronization for SqlSession [org.apache.ibatis.session.defaults.DefaultSqlSession@67cfbf7b]
2026-01-04 17:58:58.203 [http-bio-8081-exec-5] DEBUG o.m.s.t.SpringManagedTransaction - JDBC Connection [HikariProxyConnection@653440320 wrapping com.mysql.cj.jdbc.ConnectionImpl@15e1f52b] will be managed by Spring
2026-01-04 17:58:58.203 [http-bio-8081-exec-5] DEBUG c.e.d.mapper.DocumentMapper.findAll - ==>  Preparing: SELECT id, document_code, document_name, document_type, status, created_time, updated_time FROM documents ORDER BY document_code ASC
2026-01-04 17:58:58.203 [http-bio-8081-exec-5] DEBUG c.e.d.mapper.DocumentMapper.findAll - ==> Parameters: 
2026-01-04 17:58:58.205 [http-bio-8081-exec-5] DEBUG c.e.d.mapper.DocumentMapper.findAll - <==      Total: 9
2026-01-04 17:58:58.205 [http-bio-8081-exec-5] DEBUG org.mybatis.spring.SqlSessionUtils - Releasing transactional SqlSession [org.apache.ibatis.session.defaults.DefaultSqlSession@67cfbf7b]
2026-01-04 17:58:58.205 [http-bio-8081-exec-5] INFO  c.e.document.service.DocumentService - 查询到 9 个文档
2026-01-04 17:58:58.206 [http-bio-8081-exec-5] DEBUG org.mybatis.spring.SqlSessionUtils - Transaction synchronization committing SqlSession [org.apache.ibatis.session.defaults.DefaultSqlSession@67cfbf7b]
2026-01-04 17:58:58.206 [http-bio-8081-exec-5] DEBUG org.mybatis.spring.SqlSessionUtils - Transaction synchronization deregistering SqlSession [org.apache.ibatis.session.defaults.DefaultSqlSession@67cfbf7b]
2026-01-04 17:58:58.206 [http-bio-8081-exec-5] DEBUG org.mybatis.spring.SqlSessionUtils - Transaction synchronization closing SqlSession [org.apache.ibatis.session.defaults.DefaultSqlSession@67cfbf7b]
2026-01-04 17:59:01.633 [http-bio-8081-exec-5] INFO  c.e.d.controller.BorrowingController - 显示文档归还表单
2026-01-04 17:59:01.635 [http-bio-8081-exec-5] DEBUG c.e.d.service.BorrowingService - 查询未归还的借阅记录
2026-01-04 17:59:01.636 [http-bio-8081-exec-5] DEBUG org.mybatis.spring.SqlSessionUtils - Creating a new SqlSession
2026-01-04 17:59:01.636 [http-bio-8081-exec-5] DEBUG org.mybatis.spring.SqlSessionUtils - Registering transaction synchronization for SqlSession [org.apache.ibatis.session.defaults.DefaultSqlSession@179e1612]
2026-01-04 17:59:01.636 [http-bio-8081-exec-5] DEBUG o.m.s.t.SpringManagedTransaction - JDBC Connection [HikariProxyConnection@1188907535 wrapping com.mysql.cj.jdbc.ConnectionImpl@15e1f52b] will be managed by Spring
2026-01-04 17:59:01.636 [http-bio-8081-exec-5] DEBUG c.e.d.m.B.findByStatus - ==>  Preparing: SELECT id, document_code, user_id, user_name, borrow_time, return_time, status FROM borrowing_records WHERE status = ? ORDER BY borrow_time DESC
2026-01-04 17:59:01.637 [http-bio-8081-exec-5] DEBUG c.e.d.m.B.findByStatus - ==> Parameters: 借阅中(String)
2026-01-04 17:59:01.637 [http-bio-8081-exec-5] DEBUG c.e.d.m.B.findByStatus - <==      Total: 2
2026-01-04 17:59:01.638 [http-bio-8081-exec-5] DEBUG org.mybatis.spring.SqlSessionUtils - Releasing transactional SqlSession [org.apache.ibatis.session.defaults.DefaultSqlSession@179e1612]
2026-01-04 17:59:01.638 [http-bio-8081-exec-5] DEBUG org.mybatis.spring.SqlSessionUtils - Transaction synchronization committing SqlSession [org.apache.ibatis.session.defaults.DefaultSqlSession@179e1612]
2026-01-04 17:59:01.638 [http-bio-8081-exec-5] DEBUG org.mybatis.spring.SqlSessionUtils - Transaction synchronization deregistering SqlSession [org.apache.ibatis.session.defaults.DefaultSqlSession@179e1612]
2026-01-04 17:59:01.638 [http-bio-8081-exec-5] DEBUG org.mybatis.spring.SqlSessionUtils - Transaction synchronization closing SqlSession [org.apache.ibatis.session.defaults.DefaultSqlSession@179e1612]
2026-01-04 17:59:13.778 [http-bio-8081-exec-5] INFO  c.e.d.controller.BorrowingController - 处理文档归还请求: 编号=D00000001, 用户=san(1)
2026-01-04 17:59:13.780 [http-bio-8081-exec-5] INFO  c.e.d.service.BorrowingService - 归还文档: 编号=D00000001, 用户=san(1)
2026-01-04 17:59:13.780 [http-bio-8081-exec-5] DEBUG org.mybatis.spring.SqlSessionUtils - Creating a new SqlSession
2026-01-04 17:59:13.780 [http-bio-8081-exec-5] DEBUG org.mybatis.spring.SqlSessionUtils - Registering transaction synchronization for SqlSession [org.apache.ibatis.session.defaults.DefaultSqlSession@353cb3d2]
2026-01-04 17:59:13.780 [http-bio-8081-exec-5] DEBUG o.m.s.t.SpringManagedTransaction - JDBC Connection [HikariProxyConnection@346493630 wrapping com.mysql.cj.jdbc.ConnectionImpl@15e1f52b] will be managed by Spring
2026-01-04 17:59:13.780 [http-bio-8081-exec-5] DEBUG c.e.d.m.B.findActiveBorrowingRecord - ==>  Preparing: SELECT id, document_code, user_id, user_name, borrow_time, return_time, status FROM borrowing_records WHERE document_code = ? AND user_id = ? AND user_name = ? AND status = '借阅中' ORDER BY borrow_time DESC LIMIT 1
2026-01-04 17:59:13.781 [http-bio-8081-exec-5] DEBUG c.e.d.m.B.findActiveBorrowingRecord - ==> Parameters: D00000001(String), 1(String), san(String)
2026-01-04 17:59:13.781 [http-bio-8081-exec-5] DEBUG c.e.d.m.B.findActiveBorrowingRecord - <==      Total: 0
2026-01-04 17:59:13.783 [http-bio-8081-exec-5] DEBUG org.mybatis.spring.SqlSessionUtils - Releasing transactional SqlSession [org.apache.ibatis.session.defaults.DefaultSqlSession@353cb3d2]
2026-01-04 17:59:13.783 [http-bio-8081-exec-5] DEBUG org.mybatis.spring.SqlSessionUtils - Transaction synchronization committing SqlSession [org.apache.ibatis.session.defaults.DefaultSqlSession@353cb3d2]
2026-01-04 17:59:13.783 [http-bio-8081-exec-5] DEBUG org.mybatis.spring.SqlSessionUtils - Transaction synchronization deregistering SqlSession [org.apache.ibatis.session.defaults.DefaultSqlSession@353cb3d2]
2026-01-04 17:59:13.783 [http-bio-8081-exec-5] DEBUG org.mybatis.spring.SqlSessionUtils - Transaction synchronization closing SqlSession [org.apache.ibatis.session.defaults.DefaultSqlSession@353cb3d2]
2026-01-04 17:59:13.785 [http-bio-8081-exec-5] WARN  c.e.d.controller.BorrowingController - 文档归还业务失败: 无此借阅记录
2026-01-04 17:59:13.789 [http-bio-8081-exec-5] INFO  c.e.d.controller.BorrowingController - 显示文档归还表单
2026-01-04 17:59:13.791 [http-bio-8081-exec-5] DEBUG c.e.d.service.BorrowingService - 查询未归还的借阅记录
2026-01-04 17:59:13.791 [http-bio-8081-exec-5] DEBUG org.mybatis.spring.SqlSessionUtils - Creating a new SqlSession
2026-01-04 17:59:13.791 [http-bio-8081-exec-5] DEBUG org.mybatis.spring.SqlSessionUtils - Registering transaction synchronization for SqlSession [org.apache.ibatis.session.defaults.DefaultSqlSession@19983035]
2026-01-04 17:59:13.792 [http-bio-8081-exec-5] DEBUG o.m.s.t.SpringManagedTransaction - JDBC Connection [HikariProxyConnection@841200013 wrapping com.mysql.cj.jdbc.ConnectionImpl@15e1f52b] will be managed by Spring
2026-01-04 17:59:13.792 [http-bio-8081-exec-5] DEBUG c.e.d.m.B.findByStatus - ==>  Preparing: SELECT id, document_code, user_id, user_name, borrow_time, return_time, status FROM borrowing_records WHERE status = ? ORDER BY borrow_time DESC
2026-01-04 17:59:13.792 [http-bio-8081-exec-5] DEBUG c.e.d.m.B.findByStatus - ==> Parameters: 借阅中(String)
2026-01-04 17:59:13.794 [http-bio-8081-exec-5] DEBUG c.e.d.m.B.findByStatus - <==      Total: 2
2026-01-04 17:59:13.794 [http-bio-8081-exec-5] DEBUG org.mybatis.spring.SqlSessionUtils - Releasing transactional SqlSession [org.apache.ibatis.session.defaults.DefaultSqlSession@19983035]
2026-01-04 17:59:13.794 [http-bio-8081-exec-5] DEBUG org.mybatis.spring.SqlSessionUtils - Transaction synchronization committing SqlSession [org.apache.ibatis.session.defaults.DefaultSqlSession@19983035]
2026-01-04 17:59:13.794 [http-bio-8081-exec-5] DEBUG org.mybatis.spring.SqlSessionUtils - Transaction synchronization deregistering SqlSession [org.apache.ibatis.session.defaults.DefaultSqlSession@19983035]
2026-01-04 17:59:13.794 [http-bio-8081-exec-5] DEBUG org.mybatis.spring.SqlSessionUtils - Transaction synchronization closing SqlSession [org.apache.ibatis.session.defaults.DefaultSqlSession@19983035]
2026-01-04 17:59:30.644 [http-bio-8081-exec-5] INFO  c.e.d.controller.BorrowingController - 处理文档归还请求: 编号=DOC001, 用户=san(1)
2026-01-04 17:59:30.644 [http-bio-8081-exec-5] INFO  c.e.d.service.BorrowingService - 归还文档: 编号=DOC001, 用户=san(1)
2026-01-04 17:59:30.644 [http-bio-8081-exec-5] DEBUG org.mybatis.spring.SqlSessionUtils - Creating a new SqlSession
2026-01-04 17:59:30.644 [http-bio-8081-exec-5] DEBUG org.mybatis.spring.SqlSessionUtils - Registering transaction synchronization for SqlSession [org.apache.ibatis.session.defaults.DefaultSqlSession@76536eaf]
2026-01-04 17:59:30.646 [http-bio-8081-exec-5] DEBUG o.m.s.t.SpringManagedTransaction - JDBC Connection [HikariProxyConnection@747338004 wrapping com.mysql.cj.jdbc.ConnectionImpl@15e1f52b] will be managed by Spring
2026-01-04 17:59:30.646 [http-bio-8081-exec-5] DEBUG c.e.d.m.B.findActiveBorrowingRecord - ==>  Preparing: SELECT id, document_code, user_id, user_name, borrow_time, return_time, status FROM borrowing_records WHERE document_code = ? AND user_id = ? AND user_name = ? AND status = '借阅中' ORDER BY borrow_time DESC LIMIT 1
2026-01-04 17:59:30.646 [http-bio-8081-exec-5] DEBUG c.e.d.m.B.findActiveBorrowingRecord - ==> Parameters: DOC001(String), 1(String), san(String)
2026-01-04 17:59:30.647 [http-bio-8081-exec-5] DEBUG c.e.d.m.B.findActiveBorrowingRecord - <==      Total: 1
2026-01-04 17:59:30.647 [http-bio-8081-exec-5] DEBUG org.mybatis.spring.SqlSessionUtils - Releasing transactional SqlSession [org.apache.ibatis.session.defaults.DefaultSqlSession@76536eaf]
2026-01-04 17:59:30.647 [http-bio-8081-exec-5] DEBUG org.mybatis.spring.SqlSessionUtils - Fetched SqlSession [org.apache.ibatis.session.defaults.DefaultSqlSession@76536eaf] from current transaction
2026-01-04 17:59:30.647 [http-bio-8081-exec-5] DEBUG c.e.d.m.DocumentMapper.findByCode - ==>  Preparing: SELECT id, document_code, document_name, document_type, status, created_time, updated_time FROM documents WHERE document_code = ?
2026-01-04 17:59:30.649 [http-bio-8081-exec-5] DEBUG c.e.d.m.DocumentMapper.findByCode - ==> Parameters: DOC001(String)
2026-01-04 17:59:30.650 [http-bio-8081-exec-5] DEBUG c.e.d.m.DocumentMapper.findByCode - <==      Total: 1
2026-01-04 17:59:30.651 [http-bio-8081-exec-5] DEBUG org.mybatis.spring.SqlSessionUtils - Releasing transactional SqlSession [org.apache.ibatis.session.defaults.DefaultSqlSession@76536eaf]
2026-01-04 17:59:30.651 [http-bio-8081-exec-5] DEBUG org.mybatis.spring.SqlSessionUtils - Fetched SqlSession [org.apache.ibatis.session.defaults.DefaultSqlSession@76536eaf] from current transaction
2026-01-04 17:59:30.651 [http-bio-8081-exec-5] DEBUG c.e.d.mapper.DocumentMapper.update - ==>  Preparing: UPDATE documents SET document_name = ?, document_type = ?, status = ? WHERE document_code = ?
2026-01-04 17:59:30.652 [http-bio-8081-exec-5] DEBUG c.e.d.mapper.DocumentMapper.update - ==> Parameters: 企业管理制度汇编(String), 管理制度(String), 可下载(String), DOC001(String)
2026-01-04 17:59:30.654 [http-bio-8081-exec-5] DEBUG c.e.d.mapper.DocumentMapper.update - <==    Updates: 1
2026-01-04 17:59:30.654 [http-bio-8081-exec-5] DEBUG org.mybatis.spring.SqlSessionUtils - Releasing transactional SqlSession [org.apache.ibatis.session.defaults.DefaultSqlSession@76536eaf]
2026-01-04 17:59:30.654 [http-bio-8081-exec-5] DEBUG org.mybatis.spring.SqlSessionUtils - Fetched SqlSession [org.apache.ibatis.session.defaults.DefaultSqlSession@76536eaf] from current transaction
2026-01-04 17:59:30.654 [http-bio-8081-exec-5] DEBUG c.e.d.m.BorrowingRecordMapper.update - ==>  Preparing: UPDATE borrowing_records SET return_time = ?, status = ? WHERE id = ?
2026-01-04 17:59:30.656 [http-bio-8081-exec-5] DEBUG c.e.d.m.BorrowingRecordMapper.update - ==> Parameters: 2026-01-04 17:59:30.654(Timestamp), 已归还(String), 7(Long)
2026-01-04 17:59:30.664 [http-bio-8081-exec-5] DEBUG c.e.d.m.BorrowingRecordMapper.update - <==    Updates: 1
2026-01-04 17:59:30.664 [http-bio-8081-exec-5] DEBUG org.mybatis.spring.SqlSessionUtils - Releasing transactional SqlSession [org.apache.ibatis.session.defaults.DefaultSqlSession@76536eaf]
2026-01-04 17:59:30.666 [http-bio-8081-exec-5] INFO  c.e.d.service.BorrowingService - 文档归还成功: BorrowingRecord{id=7, documentCode='DOC001', userId='1', userName='san', borrowTime=2026-01-04 17:49:59.0, returnTime=2026-01-04 17:59:30.654, status='已归还'}
2026-01-04 17:59:30.666 [http-bio-8081-exec-5] DEBUG org.mybatis.spring.SqlSessionUtils - Transaction synchronization committing SqlSession [org.apache.ibatis.session.defaults.DefaultSqlSession@76536eaf]
2026-01-04 17:59:30.666 [http-bio-8081-exec-5] DEBUG org.mybatis.spring.SqlSessionUtils - Transaction synchronization deregistering SqlSession [org.apache.ibatis.session.defaults.DefaultSqlSession@76536eaf]
2026-01-04 17:59:30.666 [http-bio-8081-exec-5] DEBUG org.mybatis.spring.SqlSessionUtils - Transaction synchronization closing SqlSession [org.apache.ibatis.session.defaults.DefaultSqlSession@76536eaf]
2026-01-04 17:59:30.671 [http-bio-8081-exec-5] INFO  c.e.d.controller.BorrowingController - 文档归还成功: BorrowingRecord{id=7, documentCode='DOC001', userId='1', userName='san', borrowTime=2026-01-04 17:49:59.0, returnTime=2026-01-04 17:59:30.654, status='已归还'}
2026-01-04 17:59:30.677 [http-bio-8081-exec-5] INFO  c.e.d.controller.BorrowingController - 显示借阅管理主页面
2026-01-04 17:59:30.678 [http-bio-8081-exec-5] INFO  c.e.document.service.DocumentService - 查询所有文档列表
2026-01-04 17:59:30.678 [http-bio-8081-exec-5] DEBUG org.mybatis.spring.SqlSessionUtils - Creating a new SqlSession
2026-01-04 17:59:30.678 [http-bio-8081-exec-5] DEBUG org.mybatis.spring.SqlSessionUtils - Registering transaction synchronization for SqlSession [org.apache.ibatis.session.defaults.DefaultSqlSession@595b7ec6]
2026-01-04 17:59:30.679 [http-bio-8081-exec-5] DEBUG o.m.s.t.SpringManagedTransaction - JDBC Connection [HikariProxyConnection@1281848543 wrapping com.mysql.cj.jdbc.ConnectionImpl@15e1f52b] will be managed by Spring
2026-01-04 17:59:30.679 [http-bio-8081-exec-5] DEBUG c.e.d.mapper.DocumentMapper.findAll - ==>  Preparing: SELECT id, document_code, document_name, document_type, status, created_time, updated_time FROM documents ORDER BY document_code ASC
2026-01-04 17:59:30.679 [http-bio-8081-exec-5] DEBUG c.e.d.mapper.DocumentMapper.findAll - ==> Parameters: 
2026-01-04 17:59:30.680 [http-bio-8081-exec-5] DEBUG c.e.d.mapper.DocumentMapper.findAll - <==      Total: 9
2026-01-04 17:59:30.681 [http-bio-8081-exec-5] DEBUG org.mybatis.spring.SqlSessionUtils - Releasing transactional SqlSession [org.apache.ibatis.session.defaults.DefaultSqlSession@595b7ec6]
2026-01-04 17:59:30.682 [http-bio-8081-exec-5] INFO  c.e.document.service.DocumentService - 查询到 9 个文档
2026-01-04 17:59:30.682 [http-bio-8081-exec-5] DEBUG org.mybatis.spring.SqlSessionUtils - Transaction synchronization committing SqlSession [org.apache.ibatis.session.defaults.DefaultSqlSession@595b7ec6]
2026-01-04 17:59:30.682 [http-bio-8081-exec-5] DEBUG org.mybatis.spring.SqlSessionUtils - Transaction synchronization deregistering SqlSession [org.apache.ibatis.session.defaults.DefaultSqlSession@595b7ec6]
2026-01-04 17:59:30.682 [http-bio-8081-exec-5] DEBUG org.mybatis.spring.SqlSessionUtils - Transaction synchronization closing SqlSession [org.apache.ibatis.session.defaults.DefaultSqlSession@595b7ec6]
